timestamp,x,y,z
1692848870.358679,5.290755,11.90886,1.06228
1692848870.458819,5.2359447,11.896303,0.51885766
1692848870.55929,5.2369876,11.908647,0.41605142
1692848870.659212,5.450349,12.324179,0.5682468
1692848870.759745,5.34819,12.033392,0.5421076
1692848870.859069,5.3833103,11.963667,0.50682294
1692848870.959327,5.304245,11.730765,0.915798
1692848871.059068,5.1221128,11.784169,0.86284655
1692848871.159274,5.2504196,11.734616,1.17481
1692848871.258928,4.9924197,11.342011,1.4523858
1692848871.359125,5.471699,11.929828,0.88839525
1692848871.45902,5.3595023,11.947282,0.793237
1692848871.559034,5.392714,11.898128,0.86805254
1692848871.658901,5.384193,11.79832,1.3476918
1692848871.759184,5.216619,11.78519,0.95109636
1692848871.858825,5.2305193,11.997661,0.8324185
1692848871.958827,5.2090907,11.757892,1.1910309
1692848872.058733,5.331831,11.93793,1.3719099
1692848872.159047,5.1925335,11.592286,1.4109561
1692848872.258966,5.3601394,12.00741,1.2128597
1692848872.359231,5.3552027,12.004637,1.2210085
1692848872.459118,5.2317314,11.816077,1.4860713
1692848872.558877,5.2465973,11.7528105,1.452003
1692848872.658874,5.2410636,11.774774,1.5762961
1692848872.758709,5.3386602,11.914258,1.406359
1692848872.858863,5.325312,12.145569,1.4684684
1692848872.959096,5.307568,11.932763,1.4731327
1692848873.058864,5.4139347,12.141818,1.4538741
1692848873.158899,5.1676254,11.51568,1.7826252
1692848873.258999,5.231803,11.634374,1.8401867
1692848873.358859,5.083908,11.710118,1.9103569
1692848873.458819,4.996603,11.724582,1.8246686
1692848873.559182,5.6139216,12.072109,1.6035953
1692848873.658727,5.3884654,12.019666,1.876724
1692848873.758938,5.6000676,12.112491,1.7483131
1692848873.858839,5.1940746,11.721718,2.0218136
1692848873.958775,5.2400627,11.906507,2.143054
1692848874.059033,5.281967,11.598267,2.184035
1692848874.159186,5.279678,11.7728,2.2123654
1692848874.258961,5.4242535,11.93965,2.0154748
1692848874.358846,5.3777595,12.0219555,2.1272013
1692848874.458734,5.37611,11.924668,2.3218052
1692848874.558965,5.3952007,12.011244,2.2268217
1692848874.659366,5.245178,11.6954155,2.4825904
1692848874.759204,5.109286,11.597567,2.6012657
1692848874.859272,5.313248,11.901956,2.479682
1692848874.959043,5.230317,11.853763,2.5885854
1692848875.058828,5.4451656,12.030732,2.5791738
1692848875.158947,5.3897877,11.904139,2.6220767
1692848875.258952,5.347746,11.931493,2.7507102
1692848875.359414,5.4033093,11.948569,2.6670353
1692848875.459015,5.360203,11.837477,2.6417909
1692848875.559188,5.000759,11.274914,3.1162124
1692848875.659199,5.4380136,11.795652,2.9919198
1692848875.759019,5.3786106,12.097175,2.8344672
1692848875.859155,4.8419785,10.878208,3.2497358
1692848875.958843,5.102996,11.663364,3.0693252
1692848876.058932,5.18074,11.710874,3.677922
1692848876.158877,5.1787586,11.585795,3.1859968
1692848876.259185,5.514345,12.021709,3.062895
1692848876.359221,5.478257,12.004784,2.910066
1692848876.458963,5.336395,11.984264,3.2117064
1692848876.55891,5.3813157,12.065275,3.2926624
1692848876.658852,5.2936883,11.575776,3.3845944
1692848876.758904,5.0525618,11.578989,3.486203
1692848876.858934,5.3558073,11.888389,3.320684
1692848876.959374,4.9850087,11.782653,3.442244
1692848877.058871,5.409681,11.953019,3.6313488
1692848877.15889,4.9427514,11.216016,3.703126
1692848877.259071,5.347966,11.887788,3.42904
1692848877.359086,5.464842,11.932305,3.9257033
1692848877.458879,5.3641243,12.055438,3.837578
1692848877.558823,5.7485023,12.288586,3.7387826
1692848877.658907,5.3351135,11.819205,3.8636663
1692848877.759339,5.5491705,11.928045,3.7790706
1692848877.858974,5.2014933,11.394034,3.4164402
1692848877.958812,5.413743,12.05688,3.8556287
1692848878.058855,5.3526573,12.114942,4.038531
1692848878.158879,5.567388,12.012651,4.3575764
1692848878.258925,5.304252,11.955452,3.6530886
1692848878.35909,5.024076,11.614476,5.3559284
1692848878.459134,5.3763113,11.704453,4.219722
1692848878.559056,5.383458,12.079468,4.209133
1692848878.658897,5.453657,12.338741,4.070195
1692848878.758869,5.3447037,11.898985,4.4317307
1692848878.859154,5.1650357,11.80708,4.0259027
1692848878.958912,5.3801446,12.131171,4.2584734
1692848879.058877,5.177558,11.880951,3.9985168
1692848879.158767,5.2499657,11.902073,4.164244
1692848879.258838,5.2439504,11.960786,4.640125
1692848879.359245,5.1524053,11.92011,4.5720806
1692848879.458852,5.274587,12.087117,4.4810386
1692848879.559534,5.221773,12.134434,4.5976562
1692848879.659584,5.172664,11.893723,4.1690946
1692848879.759333,5.368623,12.011974,4.109469
1692848879.859479,5.471114,12.279495,4.2886925
1692848879.959297,5.471105,12.096242,4.364774
1692848880.059312,5.3831053,12.169168,4.0361485
1692848880.159545,5.391774,12.294943,4.15987
1692848880.25937,5.2411604,11.891636,4.4896383
1692848880.359319,4.8392363,11.457713,4.2446103
1692848880.45928,5.3349524,12.147582,3.9862785
1692848880.559349,4.5710945,10.953121,4.366791
1692848880.659323,5.4006944,12.078279,4.1658506
1692848880.759323,5.214586,11.911982,3.985727
1692848880.859598,5.2337503,11.988626,3.9851968
1692848880.959509,5.1383324,11.896698,3.8605728
1692848881.059507,5.3177443,11.985654,3.889902
1692848881.159251,5.3834224,12.146427,4.1850314
1692848881.259341,5.2744417,11.99459,3.962391
1692848881.359412,5.3594656,12.075913,3.8206952
1692848881.45941,5.327383,12.046593,4.014944
1692848881.559332,5.1643705,12.098642,3.7604198
1692848881.659256,5.195693,12.001441,3.9114785
1692848881.759448,5.4241276,12.392035,3.5628064
1692848881.859431,5.1084976,11.936297,3.6351547
1692848881.959363,5.320936,12.002314,3.865213
1692848882.059313,5.5154605,12.250033,3.7772124
1692848882.159306,5.231635,12.229737,3.6167006
1692848882.259404,5.1446524,12.076767,3.503716
1692848882.359362,5.1882286,11.922753,3.784782
1692848882.459304,5.1708503,11.881343,3.9744742
1692848882.559613,5.384524,12.411451,3.0151699
1692848882.65923,5.207598,12.126365,3.206591
1692848882.7592,5.1984854,11.951528,3.494839
1692848882.859952,4.9592686,11.794185,3.4623513
1692848882.959244,5.284334,12.291141,3.2194114
1692848883.059461,5.0338373,12.116782,3.3623354
1692848883.159433,5.3463864,12.058543,3.452267
1692848883.258725,4.993133,11.854577,3.5946803
1692848883.359114,5.1426086,11.840173,3.0097904
1692848883.460262,5.025954,11.898085,2.9760237
1692848883.559052,5.2643633,12.210935,3.0500534
1692848883.659019,5.159245,11.883038,2.5717032
1692848883.759124,5.2133985,11.947677,2.9711754
1692848883.8591,5.3977547,12.330566,2.850935
1692848883.958927,5.032067,11.96009,2.867764
1692848884.058996,5.0159664,11.860111,2.9450338
1692848884.159236,4.9849186,11.80143,2.6887558
1692848884.259261,5.0933332,11.439311,3.5112283
1692848884.359261,4.686145,10.710618,3.1198103
1692848884.458981,5.2520065,12.291679,2.8962471
1692848884.559025,4.992711,11.721406,2.808272
1692848884.659197,5.125413,11.773944,3.2124264
1692848884.759009,5.2708755,12.29575,2.7634404
1692848884.858997,5.067314,11.89814,2.720936
1692848884.959014,5.1925774,11.963291,2.6565015
1692848885.059011,5.0834255,11.878809,2.7702084
1692848885.158962,5.0531745,11.855529,2.6966465
1692848885.259496,5.1640916,12.027365,2.6551628
1692848885.359207,5.2118034,12.098052,2.7856672
1692848885.45928,5.0469975,11.961059,2.7243311
1692848885.55909,5.0021,11.92508,2.7019668
1692848885.659243,5.121235,11.979497,2.759401
1692848885.759225,5.0428576,11.846696,2.8238757
1692848885.859236,5.030076,11.877558,2.7452533
1692848885.95914,5.038304,11.94018,2.751988
1692848886.059105,5.12504,11.891984,2.6287043
1692848886.159003,4.9083347,11.721828,2.9064896
1692848886.259115,5.1368127,12.073426,2.7099376
1692848886.359005,4.9508076,11.717446,2.6937528
1692848886.458963,4.790985,11.358996,2.6726024
1692848886.559266,4.91358,11.425659,2.624234
1692848886.659351,4.757748,11.441146,2.7653906
1692848886.759254,4.7239847,11.874029,2.6710663
1692848886.859327,4.844657,11.499115,2.7539039
1692848886.959003,4.7589984,11.446352,2.8035383
1692848887.059073,4.6397233,11.337087,2.6885943
1692848887.158946,4.4712725,11.138247,2.596038
1692848887.259077,4.6188507,11.326556,2.761206
1692848887.359292,4.414809,11.054898,2.7632778
1692848887.459036,4.592861,11.5028,2.6753552
1692848887.558993,4.276422,10.648936,2.7174618
1692848887.659109,4.0432806,10.196928,3.0666034
1692848887.759159,4.2701664,10.823974,2.6456378
1692848887.859173,4.3537073,10.7066765,2.7449036
1692848887.959831,4.453618,10.872478,2.7399623
1692848888.059441,4.2563143,10.48692,2.8165874
1692848888.158989,4.226829,10.402517,2.9531658
1692848888.259204,4.1899757,10.207677,2.4784932
1692848888.359016,4.3119397,10.684443,2.510523
1692848888.459307,4.3106403,10.420538,2.388273
1692848888.559185,4.3568726,10.780225,3.046842
1692848888.659166,3.9109821,10.025096,3.0232913
1692848888.75892,3.8437188,9.3770895,2.6235297
1692848888.859119,3.8760076,9.341947,3.0570207
1692848888.959203,3.903155,9.764271,2.8498878
1692848889.059101,3.9453828,9.452636,2.570502
1692848889.159121,3.8913774,9.591548,2.4155517
1692848889.259166,4.0997066,9.891018,2.5778103
1692848889.359083,3.866642,9.435462,2.550837
1692848889.45896,3.7420042,9.128456,2.7233822
1692848889.559011,3.642986,8.834513,2.597201
1692848889.659352,3.518969,8.6346855,2.6579683
1692848889.759346,3.778661,8.933611,2.7817304
1692848889.859249,3.3933864,8.376894,2.4589863
1692848889.959013,3.3937626,7.9558954,2.6567187
1692848890.059813,3.659747,8.887449,2.4895918
1692848890.159285,3.4806316,8.425832,2.5594234
1692848890.259526,3.5294998,8.772509,2.282247
1692848890.359339,3.2926667,8.014674,2.7388678
1692848890.459556,3.56928,8.435163,2.4657083
1692848890.559409,3.2401583,7.95379,2.682309
1692848890.659387,3.0752728,7.568356,2.5771272
1692848890.759237,2.9740646,7.597807,2.558263
1692848890.859586,3.289364,8.170449,2.6985319
1692848890.960025,3.1812027,7.93905,2.5680077
1692848891.059378,2.9622614,7.161903,2.4966493
1692848891.15923,2.9736598,7.18778,2.5410013
1692848891.259451,2.9037378,7.1948657,2.597906
1692848891.359445,2.6933315,6.7742953,2.6115687
1692848891.459318,2.70434,6.742341,2.566552
1692848891.559476,2.890457,6.79758,2.775325
1692848891.65948,2.634837,6.6296077,2.4905632
1692848891.759285,2.503512,6.3336244,2.4849515
1692848891.859231,2.4917023,6.222412,2.4230454
1692848891.959293,2.5042849,6.1509857,2.512603
1692848892.059294,2.3508406,5.919184,2.5644293
1692848892.159342,2.3298068,5.741465,2.480742
1692848892.2593,2.3424473,5.668756,2.4677284
1692848892.359285,2.2442758,5.3852077,2.4653795
1692848892.459303,2.3325198,5.548603,2.4547038
1692848892.559358,2.2545087,5.3334336,2.4797
1692848892.659314,2.32748,5.3080406,2.5264575
1692848892.759469,2.1400964,4.9275813,2.4080393
1692848892.859319,2.1938543,4.986695,2.5462027
1692848892.959292,2.0905676,4.6637597,2.4634662
1692848893.059561,2.1217892,4.4497976,2.44829
1692848893.159478,2.0528,4.470805,2.5439534
1692848893.26023,2.0241055,4.406279,2.5207818
1692848893.359329,1.9143113,4.1209245,2.4764864
1692848893.459565,1.9419037,3.9613292,2.5148773
1692848893.559235,1.9372776,4.149229,2.308336
1692848893.659199,1.8777809,3.855482,2.4863312
1692848893.759535,1.867518,3.93241,2.336262
1692848893.859302,1.9800498,3.952514,2.4165995
1692848893.959268,1.9729123,3.9433668,2.405895
1692848894.059359,1.9796715,3.87476,2.4608045
1692848894.159448,2.0309532,3.9492862,2.5131385
1692848894.25906,2.0891185,4.0662246,2.391681
1692848894.359248,2.1319392,4.2252846,2.5260787
1692848894.459389,2.0818405,3.8799562,2.566315
1692848894.559391,2.094506,4.044618,2.7799277
1692848894.659357,2.103954,3.9747796,2.5646417
1692848894.759267,2.0887644,3.8760915,2.5330942
1692848894.859345,2.0791972,4.0984707,2.7165563
1692848894.959251,2.0407917,4.071882,2.6079335
1692848895.05943,2.1125698,3.8943582,2.4359548
1692848895.159262,1.9311647,3.8817205,2.4289737
1692848895.259245,2.1057155,4.0087194,2.6722372
1692848895.359411,2.0452487,3.9084513,2.5025506
1692848895.458907,2.113093,3.9039543,2.591085
1692848895.559096,2.0278068,3.9823544,2.5779219
1692848895.659252,2.0402884,3.980221,2.6300235
1692848895.758994,2.0278492,3.9310915,2.5626907
1692848895.859255,2.017303,4.0147433,2.654014
1692848895.958925,2.0464046,3.9674044,2.637575
1692848896.059062,2.0146587,3.9953325,2.626023
1692848896.159267,1.9830568,3.8616536,2.7107246
1692848896.259034,2.1408677,4.078798,2.7661395
1692848896.359182,2.0218375,3.9445126,2.6919436
1692848896.459028,2.0615292,3.9346373,2.805752
1692848896.559061,2.0997076,4.045357,2.863875
1692848896.659042,1.9655871,3.8690627,2.8450775
1692848896.759151,1.9607446,4.0394998,3.0041394
1692848896.859258,2.012801,3.9798098,2.8989127
1692848896.959382,2.0014365,3.7741938,2.9113793
1692848897.059196,2.004348,4.04069,3.165594
1692848897.159197,2.0235178,3.9950492,2.9893093
1692848897.259181,2.0109022,3.9741898,3.0351713
1692848897.359129,1.942961,3.904049,3.06532
1692848897.459166,1.9428223,4.0274534,3.215471
1692848897.559005,2.0317554,3.9606032,3.0816562
1692848897.659092,1.9503661,3.5501833,3.1102395
1692848897.759232,1.9932868,4.0615296,3.068373
1692848897.859109,2.2151458,4.674033,3.1705797
1692848897.958994,2.0829842,3.8472297,3.0644217
1692848898.059227,1.8200656,3.6743584,3.0908785
1692848898.159068,1.9923187,3.9187667,3.1918974
1692848898.259014,2.1448045,4.0837464,3.2064734
1692848898.359099,1.9413364,3.5200145,3.1958172
1692848898.459054,1.7913548,3.5464876,3.2485564
1692848898.559071,1.9728335,4.1759343,2.9941723
1692848898.659192,1.7614734,3.440004,3.1951137
1692848898.760341,1.980634,4.0193734,3.0451844
1692848898.859051,1.7416708,3.6004627,3.0736468
1692848898.958817,1.6783904,3.2543287,3.215542
1692848899.058704,1.698026,3.421836,3.1237357
1692848899.158721,1.6031792,3.0737944,3.2254424
1692848899.258802,1.5828553,3.1490812,3.1872993
1692848899.359631,1.5453112,3.096324,3.1284313
1692848899.459366,1.4001875,2.699524,3.1891534
1692848899.559155,1.2727069,2.4650977,3.2079442
1692848899.65886,1.4004973,2.8432126,3.2618387
1692848899.758945,1.3420489,2.8390014,3.34588
1692848899.858905,1.1918833,2.325672,3.1445198
1692848899.958935,1.2884384,2.4335687,3.1544855
1692848900.059114,1.1954197,2.305564,3.1578474
1692848900.159152,1.1689091,2.1599987,3.1740062
1692848900.259519,1.1510756,1.9948225,3.1814451
1692848900.358882,1.1111798,1.961917,3.1707103
1692848900.459177,1.1305711,1.8079203,3.1575546
1692848900.558891,1.0926442,1.6914059,3.203099
1692848900.659048,1.0925515,1.7797015,3.2147474
1692848900.75873,1.0187035,1.4615177,3.1602743
1692848900.858844,0.9183006,1.4327539,3.2212772
1692848900.960617,1.0016432,1.4936516,3.2124603
1692848901.05889,1.0064088,1.2804327,3.1305459
1692848901.158829,0.8924207,1.0260416,3.1896348
1692848901.259243,0.87034106,0.9375867,3.1080525
1692848901.358706,0.9010784,0.9757956,3.1540785
1692848901.459785,0.84629315,0.82472295,3.1882775
1692848901.559252,0.82033175,0.79476285,3.1012857
1692848901.659196,0.7988145,0.7583912,3.1116135
1692848901.759378,0.67718995,0.6142045,3.1678596
1692848901.859175,0.67292017,0.5969706,3.3512747
1692848901.95888,0.6808127,0.69447553,2.9814029
1692848902.058898,0.60977364,0.33741018,3.1542575
1692848902.159121,0.68911785,0.7204124,3.110819
1692848902.259177,0.78887784,0.79970914,3.2398474
1692848902.359168,0.63817674,0.17215462,3.1718137
1692848902.459222,0.9604559,0.9842027,3.3026311
1692848902.558978,0.77992463,0.780174,3.1303627
1692848902.659178,0.85282,0.6886174,3.1644528
1692848902.759045,0.7603249,0.5999379,3.1873045
1692848902.859097,0.80781496,0.7296965,3.164593
1692848902.959261,0.8935096,0.7763524,3.1970694
1692848903.058965,0.7970503,0.554899,3.1889164
1692848903.158944,0.8141713,0.7114444,3.1157613
1692848903.258922,0.8354856,0.6427179,3.1270578
1692848903.359408,0.85761,0.6214382,3.1550336
1692848903.459244,0.89550567,0.6334137,3.1737175
1692848903.558977,0.85493404,0.5102514,3.1159172
1692848903.658985,0.8701227,0.59334266,3.169907
1692848903.758976,0.8852345,0.59307516,3.204045
1692848903.858881,0.87535614,0.57825315,3.1388714
1692848903.958881,0.8770665,0.64752245,3.06101
1692848904.05895,0.8008445,0.60794,3.1534398
1692848904.159187,0.8710841,0.61077446,3.1815364
1692848904.259033,0.86243546,0.651991,3.1750793
1692848904.359047,0.8528662,0.6266435,3.133448
1692848904.458751,0.92341864,0.66714054,3.1281552
1692848904.558903,0.86898446,0.63651913,3.149117
1692848904.658994,0.87237936,0.6489926,3.1540494
1692848904.759132,0.83493227,0.5534927,3.1760175
1692848904.858818,0.8856329,0.61926997,3.129719
1692848904.959165,0.85010886,0.6519107,3.175391
1692848905.059302,0.8708782,0.69553703,3.1448429
1692848905.159386,0.87304103,0.6051347,3.1586256
1692848905.259388,0.85224026,0.6207713,3.2012997
1692848905.359488,0.819038,0.5639912,3.1754758
1692848905.459515,0.8136502,0.55019826,3.148741
1692848905.559326,0.8451209,0.708074,3.181218
1692848905.659396,0.8365466,0.6650661,3.1818185
1692848905.759483,0.79234254,0.5619111,3.1481898
1692848905.859582,0.8599534,0.6901608,3.150535
1692848905.95957,0.82028073,0.6366433,3.1144183
1692848906.059309,0.8031122,0.63110054,3.1435244
1692848906.15958,0.8148356,0.69691247,3.160015
1692848906.259361,0.8413534,0.6866987,3.1825218
1692848906.359373,0.81952244,0.66499794,3.1401014
1692848906.459509,0.807922,0.6804349,3.156595
1692848906.559656,0.7779292,0.5655255,3.176825
1692848906.659375,0.7726186,0.5205416,3.3322556
1692848906.759348,0.7914574,0.66422725,3.0931962
1692848906.859299,0.7812794,0.5858981,3.1336458
1692848906.959317,0.75117123,0.6735426,3.0955327
1692848907.05958,0.7319083,0.62133145,3.041274
1692848907.159568,0.7518124,0.6245272,3.0679924
1692848907.259382,0.7359426,0.6215204,3.1326244
1692848907.359309,0.78847235,0.7100445,3.2545097
1692848907.459407,0.7902985,0.72770023,3.1843526
1692848907.559303,0.73919696,0.67608523,3.1244285
1692848907.65951,0.7964741,0.7219829,3.1110418
1692848907.759296,0.684942,0.62090224,3.080891
1692848907.859311,0.77836865,0.8003387,3.1464543
1692848907.959269,0.7657169,0.79160774,3.2116375
1692848908.059238,0.68179035,0.6812868,3.1884992
1692848908.159566,0.77046293,0.84107727,3.1391425
1692848908.25929,0.73518556,0.598451,3.117002
1692848908.359268,0.8060359,0.8479073,3.2471986
1692848908.459036,0.76751673,0.66878897,3.1934369
1692848908.559089,0.68493533,0.46560636,3.0782747
1692848908.659085,0.7627319,0.70543903,2.9320762
1692848908.759042,0.7615963,0.6213962,3.2211206
1692848908.85913,0.7215512,0.56099546,3.1294029
1692848908.95964,0.75933754,0.6448484,2.9910617
1692848909.0592,0.65351844,0.43490797,3.2099638
1692848909.15916,0.73295337,0.66069424,3.1071725
1692848909.259058,0.720858,0.67603403,3.1214538
1692848909.359091,0.73859864,0.69963,3.2217429
1692848909.459093,0.7113298,0.5817948,3.132494
1692848909.559166,0.7796165,0.72034276,3.1698
1692848909.659045,0.7289097,0.5828601,3.0851414
1692848909.759477,0.7263647,0.6322032,3.100673
1692848909.859199,0.7466216,0.55555004,3.1779346
1692848909.959159,0.68834,0.56151235,3.0357568
1692848910.0592,0.7028103,0.59673935,3.1293962
1692848910.159146,0.68001926,0.5265327,3.1124697
1692848910.259463,0.66532713,0.481105,3.1684968
1692848910.359087,0.6424916,0.3035172,3.1740572
1692848910.459416,0.5672057,0.3241203,3.114773
1692848910.559582,0.59217435,0.10576298,3.106263
1692848910.659499,0.4689088,-0.04185024,3.1487215
1692848910.759394,0.4238893,-0.16292809,3.0767438
1692848910.859993,0.3350046,-0.35149613,3.1263556
1692848910.959294,0.31028548,-0.47259507,3.0698142
1692848911.059237,0.26855236,-0.4829087,3.0175817
1692848911.159285,0.124460876,-0.47634795,3.2937338
1692848911.259359,0.2870826,-0.7561323,2.916227
1692848911.359566,0.14925113,-0.84406924,3.1395214
1692848911.459335,0.07335459,-0.779219,3.1591833
1692848911.55919,0.11612184,-1.1170369,2.981856
1692848911.659298,0.29750207,-0.9018522,3.0629187
1692848911.759427,0.18971962,-0.5496314,3.1968527
1692848911.859323,0.26175758,-0.5720344,3.2675946
1692848911.959243,0.21897273,-0.6721475,3.150925
1692848912.059345,0.19037078,-0.73554677,3.189471
1692848912.159315,0.12883285,-0.7223474,3.2300975
1692848912.259269,0.2805448,-0.6552973,3.0126104
1692848912.359287,0.16766018,-0.7330757,3.1675055
1692848912.459306,0.13839337,-0.86970615,3.0577216
1692848912.559231,0.1913892,-0.769827,3.0954921
1692848912.659319,0.28423005,-0.53304726,3.1726503
1692848912.759295,0.21168378,-0.66843206,3.1227205
1692848912.859252,0.19186014,-0.68084174,3.1510274
1692848912.959298,0.14735496,-0.76884377,3.109091
1692848913.059258,0.11407107,-0.6801968,3.1705015
1692848913.159316,0.15075569,-0.57139426,3.1522555
1692848913.259502,0.1622283,-0.5664882,3.1108146
1692848913.359344,0.3500713,-0.3598063,2.9612331
1692848913.459109,0.38097578,-0.41282704,3.062859
1692848913.559909,0.0740509,-0.7903519,3.1135895
1692848913.659497,0.3284025,-0.5435048,3.423962
1692848913.759614,0.20267363,-0.5367297,3.001569
1692848913.859796,0.045806803,0.07520965,3.0504336
1692848913.959531,0.33468202,-0.5614361,4.318014
1692848914.059415,0.096596256,-1.1011676,3.6642761
1692848914.159622,0.2883719,-0.8301863,3.558539
1692848914.259499,0.32967874,-0.7098052,3.1264627
1692848914.359362,0.34584066,-0.7177209,3.112311
1692848914.459238,0.2811329,-0.87468594,3.21345
1692848914.559407,0.27980408,-0.868317,3.2464697
1692848914.659501,0.32341978,-0.7990249,3.114149
1692848914.75924,0.34060213,-0.69726276,3.2103174
1692848914.859296,0.35817638,-0.830244,3.3041832
1692848914.959213,0.3098267,-0.6725605,3.094212
1692848915.059082,0.2943057,-0.8994673,3.1935866
1692848915.159546,0.22524123,-0.8377934,3.0959995
1692848915.25924,0.38646346,-0.73988473,3.171494
1692848915.359432,0.17635992,-1.01949,3.522729
1692848915.459423,0.2509088,-0.869,3.1398518
1692848915.559278,0.22373086,-0.8550735,3.0885112
1692848915.659342,0.2220808,-0.9802905,3.0510929
1692848915.759207,0.23181121,-0.8829154,3.2155788
1692848915.859361,0.27174205,-0.79245126,3.1136186
1692848915.959213,0.24833158,-0.64274657,3.1718562
1692848916.059456,0.20062988,-0.6257533,3.106897
1692848916.159726,0.23948178,-0.858546,3.1000202
1692848916.258837,0.22919795,-0.88410467,3.1077826
1692848916.359003,0.20518945,-0.8436716,3.052022
1692848916.458894,0.27424788,-0.74212456,3.1134646
1692848916.558988,0.20086119,-0.7682692,3.264046
1692848916.658914,0.30134222,-0.87211853,3.1161344
1692848916.758927,0.26832643,-0.91784126,3.0697885
1692848916.859177,0.31281537,-0.78319985,3.245349
1692848916.959169,0.30456442,-1.0651911,3.0285566
1692848917.059249,0.18405189,-1.1492585,2.9623587
1692848917.159221,0.15617111,-1.3309115,3.1018631
1692848917.25899,0.16900057,-1.3297421,2.8653548
1692848917.358995,0.14703274,-1.1854596,3.149072
1692848917.459,0.18621325,-1.518022,2.977336
1692848917.558889,0.082893744,-1.518678,3.0856612
1692848917.65895,0.1205914,-1.5409495,3.1142924
1692848917.759375,0.050569188,-1.5994445,3.0152938
1692848917.859227,0.055464257,-1.7924066,3.1329658
1692848917.958996,0.03032742,-1.8311757,3.0842938
1692848918.059113,0.13071716,-1.6614736,3.0672266
1692848918.158951,0.042378403,-1.8539438,3.1074128
1692848918.258935,0.03854772,-1.6692482,3.11947
1692848918.359212,0.10896352,-1.7754794,3.068088
1692848918.459017,0.14118499,-1.6902796,3.0447483
1692848918.559411,-0.02458429,-1.7984835,3.100454
1692848918.659064,0.24345407,-1.5991548,3.261677
1692848918.758966,0.21372898,-1.7374777,2.9061677
1692848918.859025,0.1239209,-1.6698543,2.9943838
1692848918.959004,0.040139537,-1.7357342,2.9664752
1692848919.059289,0.09313735,-1.5732201,3.080926
1692848919.159033,0.10039191,-1.6007777,2.964366
1692848919.259571,0.15033454,-1.5632449,3.0255613
1692848919.359074,0.31901866,-1.2057084,3.3314872
1692848919.459101,0.19651093,-1.7086439,3.0922406
1692848919.559057,0.031484846,-1.4364429,3.2282848
1692848919.659001,0.09865983,-1.5957899,2.9140456
1692848919.758991,0.100957066,-1.6461511,2.9942179
1692848919.859428,-0.026643205,-1.4613028,2.983083
1692848919.959143,0.14865154,-1.7720263,2.8867574
1692848920.058969,0.14987907,-1.5371183,3.0242352
1692848920.159376,0.20907904,-1.6091857,3.0169382
1692848920.259224,0.09078479,-1.9274602,3.1847744
1692848920.359099,0.20811781,-1.8738073,3.021348
1692848920.459041,0.3511684,-1.3178602,3.0455997
1692848920.558962,0.28737628,-1.6412208,3.0162013
1692848920.658968,0.32867682,-1.6373438,3.0546055
1692848920.759051,0.3385307,-1.6052663,3.1626241
1692848920.859042,0.31579274,-1.5578951,3.1467872
1692848920.959492,0.21996818,-1.7347623,3.1336408
1692848921.059059,0.34769806,-1.3796186,2.9769766
1692848921.159458,0.39090103,-1.7569424,2.965507
1692848921.258955,0.55205804,-1.6114028,3.2195487
1692848921.359075,0.2773779,-1.5664496,2.813945
1692848921.459263,0.48898125,-1.3166519,3.1534183
1692848921.559514,0.21880639,-1.557165,3.182866
1692848921.659735,0.47389886,-1.4571851,3.017496
1692848921.759195,0.5170274,-1.5335339,3.1683161
1692848921.859282,0.5175869,-1.3584813,2.9567506
1692848921.959155,0.41967413,-1.4291929,3.253781
1692848922.059482,0.7381341,-0.73151,2.7928813
1692848922.159504,0.45128918,-0.8706615,3.104361
1692848922.259312,0.44088373,-1.1204659,3.0694005
1692848922.359291,0.5833437,-1.0509261,3.1093912
1692848922.459196,0.69178534,-1.0750726,3.049158
1692848922.560269,0.60970914,-0.8999169,3.0843136
1692848922.659167,0.69158524,-0.86590964,3.2944498
1692848922.759021,0.67191046,-0.95920306,2.9611142
1692848922.859158,0.60130554,-0.5987556,3.142292
1692848922.959091,0.8407144,-0.64217407,2.9972765
1692848923.059018,0.7256632,-0.8285638,2.983856
1692848923.159038,0.7074691,-0.8803382,3.165826
1692848923.259002,0.65618473,-0.80518866,2.9790246
1692848923.359242,0.69913405,-0.87786615,3.0741334
1692848923.459291,0.7051034,-0.8209627,3.089474
1692848923.559138,0.60751337,-0.7133247,3.083936
1692848923.659312,0.73047143,-0.752303,3.122061
1692848923.759321,0.6100181,-0.96274745,3.1833572
1692848923.859299,0.6482368,-0.8876286,3.060576
1692848923.958916,0.59204197,-0.8861931,2.969243
1692848924.059029,0.6168874,-0.81420666,3.0850136
1692848924.159219,0.6304819,-0.78842807,3.1384022
1692848924.259128,0.5563908,-0.85382575,2.9885445
1692848924.359097,0.6647166,-0.6254357,3.1610837
1692848924.458999,0.5237628,-0.7115025,3.1355696
1692848924.559318,0.5086348,-0.72361475,3.1242545
1692848924.659338,0.5807865,-0.71446085,3.096528
1692848924.759088,0.45138097,-0.68472975,3.1264467
1692848924.859096,0.44597784,-0.8197407,2.9996116
1692848924.959214,0.44029343,-0.7489436,3.0942678
1692848925.059393,0.4443514,-0.71658665,3.1345818
1692848925.158987,0.38599548,-0.72323006,3.0873566
1692848925.258991,0.40496314,-0.59735364,3.1324701
1692848925.359116,0.37915134,-0.6989604,3.0796113
1692848925.459084,0.28049526,-0.6848978,3.050898
1692848925.559244,0.3012593,-0.7818029,3.1162546
1692848925.659076,0.14494689,-0.511398,3.0139096
1692848925.759403,0.090433225,-0.58279866,3.3596516
1692848925.859355,0.19252531,-0.6641212,3.2355883
1692848925.959134,0.023034494,-0.40704373,3.112439
1692848926.058989,0.018287625,-0.24560882,3.1373913
1692848926.159015,0.043446075,-0.67617834,3.7457368
1692848926.259064,0.05831364,-0.3878501,3.3413956
1692848926.359003,-0.086275116,-0.17074464,3.1020682
1692848926.458892,-0.092632264,-0.36400506,3.1060426
1692848926.559157,-0.20478967,-0.4350299,3.1016695
1692848926.659268,-0.3068318,-0.3310712,3.0201905
1692848926.759134,-0.22934993,-0.5628721,3.196486
1692848926.859127,-0.30766168,-0.38888332,2.9681487
1692848926.958997,-0.33781967,-0.3561203,3.0035408
1692848927.059026,-0.30001473,-0.04980743,3.1031835
1692848927.15901,-0.31502354,-0.2976791,3.1771429
1692848927.259007,-0.32901242,-0.1361078,3.0936005
1692848927.359318,-0.44879913,-0.14082214,3.0725958
1692848927.459207,-0.4330857,-0.16975762,3.0400138
1692848927.5591,-0.58199203,-0.14040197,3.0348184
1692848927.65902,-0.23798084,0.32328698,2.6396687
1692848927.758863,-0.5393183,-0.18482418,2.988101
1692848927.859324,-0.6614086,0.20969264,3.1220486
1692848927.95893,-0.5226956,0.32015243,3.23818
1692848928.059174,-0.62992704,-0.065589294,3.0721087
1692848928.159468,-0.79626334,0.20303376,3.2073927
1692848928.259217,-0.48501748,0.4110098,3.3408508
1692848928.35875,-0.61415625,0.19347604,3.2795742
1692848928.45912,-0.6414969,0.044462323,3.0782356
1692848928.559077,-0.54715353,0.033558816,3.0986316
1692848928.659468,-0.67807555,0.08265939,2.8332121
1692848928.759153,-0.64575845,-0.09055942,2.9653316
1692848928.859301,-0.5448632,0.1131523,3.2436914
1692848928.959222,-0.5963409,-0.0029507782,3.1488266
1692848929.059172,-0.57792073,-0.14031594,3.1065884
1692848929.159132,-0.52248985,-0.020944191,3.062042
1692848929.259193,-0.5463097,-0.20135899,3.1344793
1692848929.359143,-0.5473182,-0.2527127,3.0740964
1692848929.459208,-0.37686458,-0.21751152,3.0886667
1692848929.5592,-0.33061185,-0.07925317,3.1111507
1692848929.65935,-0.14709938,0.03197454,3.0557063
1692848929.759399,-0.25097913,0.03486854,2.9422035
1692848929.85929,-0.16842116,-0.11455594,3.0741398
1692848929.959081,-0.45930946,-0.04226356,3.044385
1692848930.059171,-0.27209413,-0.05888959,3.232149
1692848930.159121,-0.16653928,-0.15672827,3.0240793
1692848930.259149,-0.18622428,-0.23566933,3.147314
1692848930.359032,-0.20026574,-0.15246178,3.1941423
1692848930.459271,0.008251958,0.02114982,3.0619538
1692848930.559451,-0.0711894,-0.34993395,3.0988507
1692848930.659243,-0.006547639,-0.28713462,3.3142567
1692848930.759181,0.064220965,-0.072946034,3.132425
1692848930.859386,0.0069403984,-0.23091014,3.0815709
1692848930.958691,0.14457522,-0.41955376,3.0954678
1692848931.059045,0.2096039,-0.40082148,3.1804059
1692848931.163256,0.15617487,-0.18603945,3.0801117
1692848931.263202,0.18450807,-0.36411646,3.085671
1692848931.363359,0.21839438,-0.24763979,3.152008
1692848931.463324,0.52887046,-0.19650218,3.0634003
1692848931.563335,0.29597414,-0.50398076,2.9839032
1692848931.663301,0.2935431,-0.41140404,3.120024
1692848931.763233,0.35829067,-0.55453074,3.1935802
1692848931.859257,0.49535286,-0.3686924,3.089744
1692848931.958917,0.29505485,-0.4617071,2.8847063
1692848932.059154,0.45223248,-0.38152525,3.054046
1692848932.159011,0.4582815,-0.54513824,3.2856362
1692848932.259067,0.5829282,-0.09878223,2.857992
1692848932.359253,0.55691445,-0.58305705,3.1625056
1692848932.459224,0.5293101,-0.3164594,3.1727855
1692848932.558936,0.4571198,-0.47361293,3.1294878
1692848932.658916,0.5798326,-0.32597622,3.1400273
1692848932.759061,0.51106507,-0.4192731,3.0438418
1692848932.859001,0.4574769,-0.43137345,3.1310306
1692848932.9595,0.4450629,-0.33900544,3.1805756
1692848933.059499,0.30649734,-0.5055952,3.1636207
1692848933.159357,0.41503403,-0.3523804,3.1198857
1692848933.259451,0.32861862,-0.33615857,3.148653
1692848933.359679,0.35493726,-0.33520234,3.1520703
1692848933.459899,0.3256552,-0.31377065,3.0825121
1692848933.559424,0.31856796,-0.24836482,3.1537645
1692848933.65994,0.19672576,-0.43504134,3.16421
1692848933.759679,0.069908746,-0.39331263,3.0917008
1692848933.859475,0.15333036,-0.288211,3.1743245
1692848933.95927,0.13643293,-0.49126175,3.1417959
1692848934.059581,0.07585807,-0.17054446,3.155909
1692848934.159392,0.014249412,-0.2979889,3.0278587
1692848934.259268,-0.035308525,-0.16813363,3.1190894
1692848934.359357,0.08266541,-0.33581516,3.0364616
1692848934.459437,0.0052891383,-0.15279542,3.053874
1692848934.559493,-0.023042515,-0.26616782,3.113571
1692848934.659336,-0.041240003,0.06851149,3.0416796
1692848934.75933,-0.20882225,-0.17574199,3.070719
1692848934.859332,-0.14363176,-0.13391419,3.218589
1692848934.959351,-0.18774864,-0.058949098,3.1042662
1692848935.059251,-0.38818592,-0.1545194,3.1642308
1692848935.159276,-0.073294416,0.09595163,3.1084993
1692848935.259567,-0.27481052,-0.31735194,3.1446383
1692848935.35963,-0.23759356,0.11545341,2.9522953
1692848935.459296,-0.19565058,0.22233555,3.0614274
1692848935.559291,-0.41875002,0.1357796,2.9544842
1692848935.659307,-0.46271285,-0.21780185,3.0554674
1692848935.759363,-0.51868993,0.017397614,3.1313612
1692848935.859458,-0.4287202,-0.086267896,3.091523
1692848935.959453,-0.53339505,-0.017567607,3.0744061
1692848936.059692,-0.6099409,0.14700109,3.0453515
1692848936.159293,-0.6848532,0.1052607,3.1899977
1692848936.259382,-0.62281215,0.21881807,3.031355
1692848936.359282,-0.78623575,0.15640734,3.0363271
1692848936.460757,-0.8077969,0.17775528,3.1216912
1692848936.559257,-0.84019214,0.24504401,3.0023315
1692848936.659282,-0.86847985,0.26723456,3.1132994
1692848936.759107,-0.8685581,0.21248487,3.1051488
1692848936.859544,-0.85276234,0.36621973,3.0505078
1692848936.95936,-0.9235437,0.24324298,3.083137
1692848937.059323,-0.8929614,0.2552805,3.012596
1692848937.159503,-0.8878291,0.39431864,3.1167338
1692848937.2593,-0.9553662,0.29022965,3.1204462
1692848937.359267,-0.94066226,0.44974557,2.886504
1692848937.45928,-0.8888512,0.27176103,3.0355058
1692848937.559302,-1.0385895,0.38111088,3.15898
1692848937.659396,-0.89702356,0.59215456,3.1003454
1692848937.759744,-0.8589402,0.60155874,2.9814298
1692848937.859343,-0.98508,0.25883055,3.2116737
1692848937.959415,-0.9182553,0.5165576,3.298816
1692848938.059381,-0.887969,0.569505,3.3372626
1692848938.159274,-1.0150228,0.37291527,3.0639522
1692848938.259289,-0.87283784,0.45798925,3.1611621
1692848938.359223,-0.9920341,0.570775,3.0779488
1692848938.459225,-0.95650023,0.5072909,3.0790296
1692848938.559954,-0.9840623,0.606579,3.102997
1692848938.659261,-0.921896,0.6963598,3.1160703
1692848938.760073,-0.9236274,0.7509841,3.0825326
1692848938.859264,-0.94248986,0.56455404,3.1519704
1692848938.959249,-0.9370372,0.57815975,3.1357312
1692848939.059287,-0.89646477,0.65847564,3.1603436
1692848939.159276,-0.96499795,0.60965025,3.0952826
1692848939.259279,-0.97556376,0.6383477,3.1715832
1692848939.359449,-0.9720602,0.516754,3.1124332
1692848939.459309,-0.9813442,0.6067641,3.0856223
1692848939.559561,-1.0512704,0.6046698,3.0868819
1692848939.659484,-0.92889196,0.7032958,3.1511097
1692848939.759145,-1.0760418,0.6410481,3.095634
1692848939.859164,-0.9816363,0.76871157,3.064068
1692848939.959335,-0.99843657,0.62790745,3.1765883
1692848940.059419,-0.98518395,0.5844438,3.1934187
1692848940.159393,-0.9222568,1.1852748,3.052499
1692848940.25949,-0.99570704,0.8294254,3.1629677
1692848940.359409,-1.0466471,0.6264912,3.1370366
1692848940.459392,-1.0382819,0.8257566,3.0346982
1692848940.559174,-1.1106857,0.8627895,3.1162107
1692848940.659374,-1.0257118,0.9788634,3.2553642
1692848940.763849,-0.98931265,1.2268599,3.2854688
1692848940.863986,-1.0090028,1.2038823,3.175603
1692848940.963918,-1.073424,0.957443,2.9382763
1692848941.063891,-0.93816173,1.2503027,3.2335155
1692848941.164019,-0.9914255,0.99347764,2.9887586
1692848941.263894,-0.931603,1.2102343,3.1253011
1692848941.363818,-1.1254174,0.12858836,4.252145
1692848941.463851,-0.95807457,1.1904699,3.0577292
1692848941.563878,-0.7737732,1.5696034,3.1212566
1692848941.663877,-0.91501576,1.3374583,3.0572023
1692848941.763996,-0.8852246,1.4477112,3.1269977
1692848941.86377,-0.8843467,1.4003623,3.12737
1692848941.963897,-0.88770187,1.5191995,3.0007985
1692848942.063945,-0.7564949,1.5865371,3.155505
1692848942.163852,-0.7619314,1.6389222,3.0827935
1692848942.263835,-0.8480726,1.5009724,3.1326785
1692848942.363916,-0.80098057,1.6325214,3.0463274
1692848942.463947,-0.63204104,1.7666763,3.0338352
1692848942.563971,-0.5914288,1.6093465,3.224198
1692848942.659326,-0.7448992,1.6897967,3.1370633
1692848942.759196,-0.44541025,1.9431463,3.1777112
1692848942.859403,-0.37125278,2.0175705,3.1024785
1692848942.959167,-0.53731996,1.9064915,3.1411908
1692848943.059295,-0.4990219,1.8170035,3.157829
1692848943.159266,-0.46979964,1.9186293,3.0952184
1692848943.259278,-0.40015015,2.0514355,3.1381881
1692848943.359435,-0.5315595,1.8734859,3.1571305
1692848943.459332,-0.45122713,2.0429332,3.0761096
1692848943.559356,-0.3989199,2.017015,3.0776837
1692848943.659381,-0.32640207,2.136638,3.06421
1692848943.759319,-0.3581846,2.0896943,3.0385094
1692848943.859239,-0.209162,2.2795956,3.187156
1692848943.959324,-0.27750787,2.1745517,3.1734614
1692848944.059256,-0.25691915,2.2136118,3.1045516
1692848944.159468,-0.16026679,2.2549312,3.0598366
1692848944.259375,-0.27786657,2.3104048,3.0997174
1692848944.359787,0.06681749,2.4624898,3.1248496
1692848944.459776,-0.1423956,2.2293532,3.139477
1692848944.559509,0.063561276,2.4484355,3.187093
1692848944.659258,-0.11406422,2.4204144,3.0731683
1692848944.759226,0.031962723,2.5166342,3.167929
1692848944.859439,0.0075513497,2.3622012,3.260473
1692848944.959551,0.33207262,2.749484,3.4230785
1692848945.059526,0.28827208,2.4077566,3.3984296
1692848945.159334,0.15088502,2.2905629,3.1960137
1692848945.259214,0.3407229,2.5428076,3.2976854
1692848945.35918,0.33959898,2.577653,3.0623603
1692848945.459277,0.38283324,2.8672628,2.914385
1692848945.559325,0.35760275,2.7572174,3.1771948
1692848945.659276,0.3532067,2.7492404,3.0794685
1692848945.759686,0.38682893,2.7452621,3.1641142
1692848945.859245,0.42291197,2.8611033,3.1684384
1692848945.959304,0.5042474,2.8324387,3.1881962
1692848946.059298,0.5300759,3.0095253,3.1365018
1692848946.159438,0.70358557,3.2364037,3.144446
1692848946.259428,0.5115549,2.908924,3.1458962
1692848946.359168,0.58188605,2.9989302,3.2041109
1692848946.459537,0.80546916,3.161642,3.1329842
1692848946.559553,0.69493115,3.233769,3.149479
1692848946.6595,0.64609534,3.173853,3.151676
1692848946.759287,0.6695568,3.1960876,3.1127887
1692848946.859373,0.64764804,3.2084143,3.1546772
1692848946.959211,0.6551947,3.3078725,3.0786507
1692848947.059293,0.70519525,3.222643,3.0340374
1692848947.159252,0.84125876,3.7431033,3.3468955
1692848947.259266,0.9152238,3.475561,3.137413
1692848947.359619,0.8229114,3.5146165,3.2634537
1692848947.459264,0.78481567,3.515681,3.0843928
1692848947.559298,0.87724674,3.5413272,3.0939953
1692848947.660516,0.91569763,3.6871064,3.21404
1692848947.759576,1.0560346,3.992521,3.475438
1692848947.85938,0.9737598,3.6432943,3.3107991
1692848947.959321,1.1303383,5.369266,5.8350124
1692848948.063299,0.93758625,3.756243,3.2097228
1692848948.163135,1.0549213,4.0138526,2.928172
1692848948.263237,1.163837,4.0342736,3.043282
1692848948.362772,1.0379725,3.9277537,3.1799595
1692848948.459155,1.0530378,3.8572242,3.1534019
1692848948.559056,1.1455115,3.983587,3.2393367
1692848948.659053,1.2827904,4.228155,3.1055765
1692848948.759102,1.0105286,4.0110903,3.130022
1692848948.859098,1.1028835,4.24475,3.1757727
1692848948.95966,1.1508906,4.0635595,3.0371954
1692848949.059253,1.0627487,4.2355504,3.4486933
1692848949.159139,1.1824133,4.159951,3.0412734
1692848949.259332,1.1105232,4.497934,3.2137961
1692848949.359311,1.1049343,4.389288,3.3016639
1692848949.45905,1.234315,4.5468497,3.2439663
1692848949.559068,1.1642761,4.33344,3.1131365
1692848949.659305,1.2955494,4.7424383,3.2465122
1692848949.759399,1.155308,4.5272408,3.2722094
1692848949.859226,1.2789001,4.7484694,3.2736878
1692848949.959094,1.2981305,4.628347,3.1133244
1692848950.059457,1.2989058,4.676616,3.441714
1692848950.159325,1.2253249,4.5984073,3.1531777
1692848950.258983,1.2678137,4.8618984,3.2293487
1692848950.358887,1.18721,4.5495267,3.210316
1692848950.459058,1.3102285,4.837191,3.2043645
1692848950.559136,1.2706844,4.769207,3.1172936
1692848950.659105,1.3476379,4.8897915,3.1102383
1692848950.759119,1.3343953,4.769074,3.3420575
1692848950.85909,1.4580659,5.1669664,3.1546638
1692848950.959183,1.1917579,4.8173814,3.119246
1692848951.059021,1.3069899,5.007459,3.2326703
1692848951.159099,1.3235478,4.998258,3.131925
1692848951.259044,1.370398,5.288465,3.1078093
1692848951.359294,1.42674,5.409549,3.0398982
1692848951.458818,1.1040136,4.872645,3.567878
1692848951.559094,1.4151328,5.2356377,2.950891
1692848951.659124,1.3931957,5.258298,3.233156
1692848951.759137,1.3899231,5.1905937,2.973699
1692848951.858995,1.3179548,5.4196715,3.0765142
1692848951.958949,1.5080545,5.656368,3.3406885
1692848952.059146,1.4980539,5.4431624,2.9987628
1692848952.159548,1.4050869,5.2658277,3.1044047
1692848952.259262,1.5137111,5.4553337,3.1265116
1692848952.359159,1.6449757,5.7413793,3.1288226
1692848952.459341,1.5018232,5.6028132,3.108358
1692848952.559016,1.7645793,5.9862995,3.125536
1692848952.659039,1.6230202,5.743955,3.117767
1692848952.759398,1.6360211,5.763761,3.1139336
1692848952.859189,1.6147213,5.529949,3.2255366
1692848952.959152,1.6158037,5.649432,2.9656878
1692848953.05933,1.7101766,5.7901306,3.132441
1692848953.159021,1.7239549,5.8423104,3.041936
1692848953.258997,1.7776403,5.8874507,2.9570498
1692848953.359005,1.8481456,6.003215,2.9090445
1692848953.459024,1.8164821,6.0376453,3.3579516
1692848953.559017,1.9280663,6.153563,3.1138225
1692848953.658866,1.8900379,5.995661,3.0635974
1692848953.759313,1.9422402,6.2128887,3.084355
1692848953.859381,2.025365,6.3666954,3.4262955
1692848953.959324,1.9658267,6.0283885,2.8059742
1692848954.059095,1.9722657,6.394937,3.1011631
1692848954.159145,2.1039507,6.454432,3.1462586
1692848954.259027,2.2319555,7.101154,3.455011
1692848954.358932,1.9688468,6.4591913,3.2381392
1692848954.459226,2.3033988,6.891106,3.428478
1692848954.559426,1.9952078,6.306616,2.9871588
1692848954.659074,2.0561154,6.382123,3.1772723
1692848954.759079,2.17052,6.8072133,3.2952845
1692848954.859077,2.5043464,7.79144,3.5639272
1692848954.959193,2.3528755,7.013377,3.118706
1692848955.058988,2.1571326,6.4375286,3.3117177
1692848955.159173,2.3221843,6.549073,3.1352863
1692848955.259012,2.3462524,7.613342,3.4897044
1692848955.359025,2.18889,6.3222995,3.1007402
1692848955.459218,2.2767808,6.724507,3.4952419
1692848955.559514,2.175962,6.4894943,3.028866
1692848955.65911,2.2282336,6.5779157,2.9993532
1692848955.759167,2.1078398,6.8642287,3.5185654
1692848955.859265,2.32155,6.767037,2.8845725
1692848955.958993,2.1318538,6.3898664,3.3095818
1692848956.059506,2.4426272,7.305854,3.1823914
1692848956.159187,2.1767063,6.6275573,3.4253328
1692848956.259154,2.3626308,6.921811,3.231848
1692848956.359189,2.567609,7.425018,2.8700848
1692848956.459157,2.2566903,7.024817,3.0022995
1692848956.559207,2.4967194,7.5880775,3.1680782
1692848956.659012,2.4775593,7.177361,3.0371675
1692848956.759203,2.430238,7.3569407,3.1220567
1692848956.859425,2.3879838,7.2302427,3.1782238
1692848956.959386,2.3990078,7.1625414,3.0246322
1692848957.059415,2.4053621,7.338062,3.1573002
1692848957.159111,2.55462,7.354784,3.0464802
1692848957.259146,2.5177345,7.397103,3.210475
1692848957.359416,2.539347,7.791598,3.0452697
1692848957.459119,2.6932325,7.848853,3.1833298
1692848957.559058,2.833772,9.093767,6.1633606
1692848957.659148,2.4995492,7.6573787,2.9513047
1692848957.7592,2.6028774,7.9276214,3.1871433
1692848957.858982,2.8864458,8.578224,3.7065225
1692848957.959032,2.7262118,7.7523,2.9382885
1692848958.059219,2.727198,7.912981,3.1133
1692848958.159249,2.5645316,7.6422915,3.1221323
1692848958.259518,2.5518243,7.672773,3.127232
1692848958.35899,2.8146198,7.813184,2.9328628
1692848958.459075,2.758768,7.8360806,2.9766886
1692848958.559218,2.7422705,7.829992,2.8923247
1692848958.659259,2.7925184,7.884868,2.9412143
1692848958.759171,2.791478,7.7540417,3.163871
1692848958.859371,2.814534,7.9863462,2.8514996
1692848958.959035,2.8220944,7.781725,2.9032035
1692848959.059049,2.9547396,7.9079766,2.9554932
1692848959.159259,2.901721,7.8653774,2.8727903
1692848959.259135,2.9924607,8.194616,3.0155375
1692848959.359267,3.0232887,8.317065,3.0432072
1692848959.459188,2.9415598,7.9949346,3.013807
1692848959.560775,3.0927885,8.30491,2.8204415
1692848959.659075,3.0853446,8.164598,3.0209515
1692848959.759059,3.0508053,8.025103,2.808338
1692848959.859101,3.0967214,8.14061,2.70154
1692848959.959105,3.0582135,8.235032,2.7520144
1692848960.059124,3.0089,7.954451,2.9762225
1692848960.159414,3.1532547,8.572329,2.935542
1692848960.259181,2.989194,8.165121,3.0327227
1692848960.359097,3.0623467,7.835197,3.0295103
1692848960.459189,2.9504333,7.7950206,2.8397093
1692848960.559264,2.9609272,7.763137,2.9984117
1692848960.659265,2.9854233,7.957208,2.906476
1692848960.758849,2.985914,7.8446326,2.8840764
1692848960.859163,2.9316833,7.928027,3.194271
1692848960.959569,2.9879925,7.9664197,3.0852647
1692848961.059227,2.9315326,7.855109,2.8254483
1692848961.15956,2.8899462,7.6290827,2.7416873
1692848961.259332,2.889415,7.8119354,2.8801968
1692848961.359228,2.8438897,8.281881,3.0892298
1692848961.459188,2.8407164,7.7030673,3.0568628
1692848961.559297,2.8498259,7.6465573,2.956958
1692848961.659456,2.8248518,7.5636625,2.975772
1692848961.759596,2.9048698,7.782288,2.8796518
1692848961.859384,2.8620393,7.742306,2.8501568
1692848961.959169,2.7906246,7.5282917,2.9208295
1692848962.059241,2.7416596,7.474219,2.818833
1692848962.159178,2.9426696,7.8303585,2.9444609
1692848962.259119,2.9645197,7.7191443,2.9865632
1692848962.358956,3.7218468,10.531285,3.383901
1692848962.459194,2.511689,6.939555,3.2319467
1692848962.559243,2.895982,7.5796895,3.346854
1692848962.659199,2.9215925,7.793038,3.0611684
1692848962.759093,2.82193,7.584413,3.029711
1692848962.859237,3.3000672,8.560904,3.1252496
1692848962.959285,2.924515,7.867412,3.0394018
1692848963.059253,2.8491096,7.574841,2.9815996
1692848963.159042,2.8099535,7.528378,3.0056667
1692848963.25949,2.8535995,7.7330723,3.3925648
1692848963.359807,2.9098623,7.726749,3.2850804
1692848963.459486,2.9683437,7.751703,2.948701
1692848963.559488,2.7712245,7.1961417,2.915832
1692848963.659468,2.9111454,7.5390067,3.3629756
1692848963.759343,2.9341736,7.59045,3.3685915
1692848963.859421,2.936949,7.452961,3.0059881
1692848963.959349,2.9240282,7.5139713,3.18463
1692848964.059699,2.8943675,7.4151297,3.284329
1692848964.159848,2.947585,7.5017357,3.2028856
1692848964.259284,2.9293816,7.530241,3.3054748
1692848964.359545,2.9330726,7.4293365,3.5025308
1692848964.459553,2.9971018,7.677237,3.2643607
1692848964.559886,2.946298,7.4414415,3.2602344
1692848964.659324,2.9572518,7.4955397,3.324279
1692848964.759259,2.9585497,7.715156,3.3452246
1692848964.859348,2.9822743,7.6897902,3.449519
1692848964.959786,3.0340369,7.8235393,3.5089836
1692848965.059292,3.0592754,7.810044,3.4459062
1692848965.159269,2.9429097,7.53316,3.3817713
1692848965.259447,2.9071949,7.429642,3.3937023
1692848965.35987,2.9870088,7.373582,3.5721412
1692848965.459782,3.0743804,8.274529,3.4362838
1692848965.55971,2.9784312,7.650757,3.2167203
1692848965.659276,2.9880564,7.5761666,3.344952
1692848965.759619,3.0854359,8.076331,3.4480176
1692848965.85938,3.0130453,7.7129273,3.323107
1692848965.959341,3.0046244,7.8039436,3.2783053
1692848966.059417,3.0173342,7.739594,3.3587072
1692848966.159281,2.9925532,7.6511507,3.3648114
1692848966.259539,2.9151068,7.7158194,3.453806
1692848966.359265,3.0798194,8.15706,3.4571788
1692848966.459507,2.9660528,7.8868604,3.3096943
1692848966.559594,3.0132163,7.8207717,3.4290814
1692848966.6594,3.0861728,7.9021983,3.371005
1692848966.759238,3.108361,7.9110126,3.3241563
1692848966.859284,3.0422404,7.9779515,3.2914062
1692848966.95936,3.0729854,8.083593,3.6204762
1692848967.059405,3.0201874,7.888853,3.3271685
1692848967.159292,3.0719306,7.9333615,3.2889125
1692848967.259377,3.1386886,8.144603,3.4064896
1692848967.359014,3.0104706,7.8391786,3.328063
1692848967.459172,3.1401436,8.226877,3.394813
1692848967.559161,3.1369126,8.256894,3.3505683
1692848967.65912,3.1809163,8.35931,3.4273894
1692848967.759175,3.271176,8.753325,3.395538
1692848967.859169,3.1194165,8.330756,3.545376
1692848967.959084,3.2085328,8.414578,3.358543
1692848968.059016,3.3188407,8.783815,3.3619187
1692848968.159294,3.2638729,8.872916,3.3769047
1692848968.259186,3.1950755,8.698524,3.336683
1692848968.359347,3.0419986,8.573593,3.75762
1692848968.459328,3.208199,9.194287,3.452759
1692848968.559134,3.23966,8.7171955,3.2295647
1692848968.6598,2.9987838,8.975147,3.49076
1692848968.759011,2.8935835,8.109137,3.5891538
1692848968.85915,3.2939248,9.267781,3.2954235
1692848968.959399,3.1755834,9.031225,3.4587548
1692848969.059221,3.1103888,9.079995,3.5792003
1692848969.159184,3.0689623,9.104289,3.4383986
1692848969.259073,3.1044028,8.9604845,3.405674
1692848969.359048,3.179323,9.235976,3.3521256
1692848969.459257,3.1674306,9.391588,3.4275997
1692848969.559005,3.1656127,9.978537,4.168473
1692848969.659001,2.9544148,9.141747,3.5874305
1692848969.759464,3.0123198,9.404741,3.5700407
1692848969.859393,2.9542108,8.90936,3.2565176
1692848969.959405,2.8943117,9.072139,3.505235
1692848970.059442,3.242114,9.719094,3.4310505
1692848970.159313,3.0824785,9.186498,3.2047954
1692848970.259304,3.3414052,10.141559,3.4794788
1692848970.359155,3.4355996,10.581143,3.5404189
1692848970.459165,3.2025366,9.601604,3.2779834
1692848970.559365,3.1349585,9.589179,3.3280704
1692848970.659212,3.123624,9.417905,3.2639382
1692848970.759209,3.064876,8.885382,3.5340846
1692848970.859231,3.3994408,10.095538,3.3838494
1692848970.959106,3.206808,9.631228,3.3736982
1692848971.059067,3.4158475,10.260959,3.3141072
1692848971.159395,3.4490683,10.119889,3.3113296
1692848971.259134,3.5040362,10.1303835,3.32804
1692848971.359352,3.1314135,9.706766,3.9933174
1692848971.459476,3.200324,9.773809,3.229622
1692848971.559183,3.4566042,10.419826,3.4078302
1692848971.659207,3.468401,10.24665,3.72196
1692848971.759053,3.5647056,10.402472,3.6187272
1692848971.85925,3.6316144,10.243777,3.4154947
1692848971.95923,3.5667684,10.234587,3.472065
1692848972.05907,3.6108363,10.282375,3.6418593
1692848972.15945,3.6802518,10.58967,3.49882
1692848972.259337,3.7348952,10.523151,3.3588805
1692848972.359159,3.8420656,10.855437,3.5241435
1692848972.459079,3.6405888,10.177388,3.6552274
1692848972.559192,3.648327,10.444799,3.7508314
1692848972.659248,3.6427336,10.088817,3.4579906
1692848972.758998,3.8750663,10.729357,3.525046
1692848972.859223,3.7053864,10.211637,3.5909529
1692848972.959227,3.6657085,10.231394,3.4427085
1692848973.059207,3.8632348,10.924078,3.4512691
1692848973.159162,3.9262805,11.557831,3.7835212
1692848973.25915,3.670554,10.849883,3.6615076
1692848973.359258,3.960145,11.317771,3.4351156
1692848973.459163,3.7655706,10.534064,3.37564
1692848973.559124,3.8421206,11.2085495,3.5148892
1692848973.659085,3.7500865,10.910356,3.6459463
1692848973.759384,3.9335716,11.555682,3.594886
1692848973.859184,3.7033098,10.813962,3.508735
1692848973.959189,3.855418,11.173608,3.4966686
1692848974.059328,3.8817143,11.638524,3.6875272
1692848974.159102,3.62176,11.0718975,3.711607
1692848974.259194,3.7266815,11.20414,3.5867171
1692848974.359133,3.660155,11.024138,3.5081513
1692848974.459319,3.8052592,11.719356,3.5137684
1692848974.55923,3.7096317,11.342343,3.3784103
1692848974.659212,3.9291875,11.616656,3.4287214
1692848974.759165,3.8584666,11.622923,3.5813782
1692848974.859894,3.7701354,11.693879,3.4422026
1692848974.959162,3.901282,11.901425,3.5531561
1692848975.059226,3.8285768,11.697952,3.4565516
1692848975.15917,3.777423,11.462925,3.3586285
1692848975.259231,3.8407276,11.825349,3.9091198
1692848975.359568,3.7145658,11.500768,3.550997
1692848975.459186,3.6977239,11.395727,3.5272243
1692848975.559196,3.7891958,12.032986,3.6866808
1692848975.65924,3.9433854,12.269775,3.4573417
1692848975.759059,3.8047805,12.002031,3.615651
1692848975.859413,3.7737768,12.065597,3.9621444
1692848975.959355,3.7615132,11.376044,3.5395124
1692848976.059187,3.8437958,11.935512,3.5182893
1692848976.159578,3.8198855,11.999719,3.3620722
1692848976.259196,3.9613602,12.500433,3.358744
1692848976.359474,3.8837235,12.3586645,3.6055157
1692848976.459412,3.9280896,12.249332,3.2369363
1692848976.559109,3.9466364,12.428826,3.6274116
1692848976.659304,3.7385535,12.100578,3.6138067
1692848976.759301,3.9148006,12.614881,3.6002839
1692848976.859512,3.9514768,12.750483,3.4742265
1692848976.959615,3.8016505,12.258945,3.6768272
1692848977.059537,3.8424938,12.403005,3.319708
1692848977.159218,4.0096464,12.895561,3.4023607
1692848977.259265,3.9799507,12.855222,3.3544078
1692848977.359145,4.0254683,12.407546,3.3202388
1692848977.459328,3.9864268,12.821684,3.5165088
1692848977.559094,3.8571985,12.129888,3.5245914
1692848977.65922,3.9925563,12.680127,3.5523214
1692848977.759526,4.045375,12.76803,3.3618066
1692848977.859305,4.0388246,12.669586,3.6440802
1692848977.959296,3.9901385,12.67829,3.7046444
1692848978.059424,3.9221637,12.83595,3.7315338
1692848978.159196,4.045145,12.720928,3.6547947
1692848978.259044,4.112748,13.023646,3.5009716
1692848978.359249,4.0786552,12.517032,3.5000088
1692848978.45955,4.0564547,12.6342325,3.550383
1692848978.559315,4.029203,12.497071,3.5779338
1692848978.659265,3.9793432,12.280522,3.6326628
1692848978.759223,3.9652908,12.288638,3.675728
1692848978.859144,3.948898,12.203032,3.767093
1692848978.959089,4.0042515,12.279624,3.587146
1692848979.059213,4.011367,12.427367,3.5707426
1692848979.15924,3.8435605,11.94344,3.4112403
1692848979.259189,3.9806554,12.333718,3.6410408
1692848979.359265,3.82299,11.701454,3.685677
1692848979.459342,3.9757826,11.805412,3.5447357
1692848979.560019,4.023501,12.247993,3.648473
1692848979.659226,3.706511,11.334226,3.728861
1692848979.759075,4.0024433,12.125335,3.6164818
1692848979.859054,3.4994576,11.412669,4.0430007
1692848979.959236,3.7590842,12.100167,3.55357
1692848980.05901,3.811175,11.412628,3.6755042
1692848980.16089,3.8125305,11.797037,3.9747036
1692848980.259283,4.3382587,12.707522,3.5633488
1692848980.359197,4.016222,12.131584,3.618695
1692848980.459259,4.0461864,12.126152,3.7521129
1692848980.559091,4.0125914,12.091935,3.7402322
1692848980.659261,3.9742506,12.236726,3.663212
1692848980.759097,3.9963698,12.0839815,3.7369058
1692848980.859087,3.936181,12.045602,3.7666051
1692848980.959554,3.9995067,12.05009,3.6284657
1692848981.059133,4.0579457,12.2547655,3.6512227
1692848981.159178,4.069338,12.211409,3.7579587
1692848981.25913,4.0806274,12.212262,3.7060423
1692848981.359116,3.8535032,11.91795,3.85834
1692848981.458921,4.0322585,12.243169,3.8947072
1692848981.559005,4.023534,12.292818,3.905604
1692848981.658965,4.0083904,12.141841,3.898439
1692848981.759101,3.8438714,11.519219,4.1662927
1692848981.858855,4.070696,12.119992,3.7768245
1692848981.958906,4.0866227,12.315839,4.1791954
1692848982.059052,3.81435,12.2881365,4.0706935
1692848982.158985,3.8909774,11.55033,3.8760896
1692848982.258965,4.0179734,12.0913315,4.2713346
1692848982.358855,4.0157766,12.01992,3.9575257
1692848982.459098,4.1120667,12.317921,4.0780582
1692848982.559348,3.9720771,12.188679,4.3258324
1692848982.659064,3.9394567,11.898951,4.3042655
1692848982.759146,3.9956744,12.023308,3.9972725
1692848982.859393,4.0602894,12.299306,4.46419
1692848982.959102,3.8064024,12.098254,4.5232096
1692848983.059188,3.7711933,11.734731,4.4940243
1692848983.159007,3.9213648,12.408182,4.897568
1692848983.25904,3.6974986,11.7355385,4.821985
1692848983.359437,3.9756682,12.350606,4.7481704
1692848983.459011,3.8395839,11.932034,4.416375
1692848983.559127,3.7108686,11.632979,4.338527
1692848983.658899,4.0614934,12.064147,4.8626432
1692848983.759206,3.8939528,12.013207,4.8939605
1692848983.85934,4.0738297,12.264314,4.5599046
1692848983.959574,3.9424531,12.217559,4.8074517
1692848984.059326,4.1233473,12.154607,4.6212983
1692848984.159388,4.027169,12.103465,5.199808
1692848984.259325,4.2386065,12.261136,4.6817255
1692848984.359331,4.2228436,12.430127,5.1846085
1692848984.459328,4.1042237,12.405552,5.079975
1692848984.559353,4.042694,12.16286,5.010237
1692848984.659345,4.03419,12.0625105,4.7697005
1692848984.759549,4.0160003,12.291238,5.6104383
1692848984.859421,3.994692,11.676463,4.9191656
1692848984.959696,3.9747655,11.865961,5.0880265
1692848985.059838,3.800498,11.93341,5.3877716
1692848985.15955,3.8921642,11.846226,5.4880733
1692848985.259353,3.9552357,12.171901,5.5603194
1692848985.359402,3.816775,12.255964,6.169166
1692848985.459382,3.8903224,12.031339,5.684633
1692848985.55937,4.0230145,12.378816,5.535255
1692848985.659429,3.8701541,11.810885,5.775925
1692848985.759791,3.8168597,11.890235,5.581747
1692848985.859608,3.3891215,11.392589,6.0267553
1692848985.95932,3.9478269,11.834952,6.0646057
1692848986.059244,3.8298357,11.950144,5.3746963
1692848986.159051,3.7685196,12.029122,6.6413856
1692848986.259406,3.8184707,12.442055,6.03307
1692848986.359267,3.7122664,11.6806135,5.744418
1692848986.459204,3.9246702,12.308285,6.376268
1692848986.559255,3.6556363,11.644533,6.3303733
1692848986.659496,3.8809621,11.965062,5.9564714
1692848986.759387,3.929203,12.028163,6.060848
1692848986.859535,3.8887768,12.041271,6.425702
1692848986.959572,3.7694936,11.992128,6.565888
1692848987.059381,3.9820583,12.081345,6.525712
1692848987.159094,3.9573436,11.91735,5.5283237
1692848987.259101,3.5281186,10.996762,6.4148374
1692848987.35939,4.004728,12.571265,6.508414
1692848987.459285,3.8510673,12.1798315,6.8894706
1692848987.55943,3.772957,11.712308,7.211943
1692848987.659251,3.879084,12.025666,6.960325
1692848987.759052,3.7988694,11.642109,6.907995
1692848987.859039,3.7188642,11.466874,6.334321
1692848987.95903,3.7751267,12.034145,7.1671014
1692848988.059399,3.512627,11.669432,6.130196
1692848988.1597,3.7232025,11.761525,6.780785
1692848988.259156,3.7924724,12.16335,7.273076
1692848988.359251,3.464637,12.004886,6.641637
1692848988.459183,3.4975247,11.653467,6.98755
1692848988.559307,3.939969,12.240766,6.577176
1692848988.659272,3.751794,11.918826,7.115294
1692848988.759028,3.3798149,11.403632,7.854678
1692848988.859214,3.744105,12.131449,6.347964
1692848988.959301,3.8427536,12.873764,7.4859033
1692848989.059276,3.3803196,12.130029,7.7687225
1692848989.159413,3.6037526,12.297942,7.6732345
1692848989.25917,3.259579,11.244717,8.699449
1692848989.359113,3.4719312,11.685541,6.4247046
1692848989.459007,3.6353514,11.852267,6.1624827
1692848989.558975,3.5815146,12.016109,6.316429
1692848989.659042,3.4269435,12.028851,6.1935477
1692848989.759302,3.392402,11.693609,6.0317717
1692848989.85919,3.668715,12.373864,6.4083915
1692848989.959038,3.503872,12.04143,6.74111
1692848990.059109,3.3943079,12.5647745,6.7644506
1692848990.159145,3.2748837,11.234988,6.0000715
1692848990.259055,3.603546,12.294147,6.1569505
1692848990.35904,3.1734793,11.466425,6.4566703
1692848990.459119,3.51959,11.942894,5.787709
1692848990.559362,3.5130174,12.034238,6.334136
1692848990.659217,3.443155,11.928502,7.029606
1692848990.759169,3.381913,11.886251,6.3745575
1692848990.859166,3.4626958,12.109192,6.7471795
1692848990.95904,3.5026286,11.944939,6.3883586
1692848991.059281,3.397311,12.011846,6.827033
1692848991.159313,3.504858,12.071506,7.252978
1692848991.259053,3.472105,12.150406,8.107383
1692848991.359186,3.3061717,11.4878025,6.9423366
1692848991.459185,3.4639494,11.955031,6.978458
1692848991.559211,3.630429,12.084281,6.883672
1692848991.659064,3.3723812,12.0880995,7.4665422
1692848991.759078,3.171181,12.129033,7.1166224
1692848991.859315,3.1815963,11.834439,7.126528
1692848991.959045,3.5192897,12.357519,7.607294
1692848992.059358,3.317084,11.90343,7.2281814
1692848992.15932,3.3604188,11.882295,6.8136573
1692848992.259441,3.1085768,11.090868,7.489468
1692848992.359796,2.9224887,11.262044,7.3034654
1692848992.45918,3.465444,11.866941,8.359109
1692848992.559103,3.231712,11.929766,7.5412164
1692848992.659073,3.4421723,12.111665,7.7677674
1692848992.759077,3.4373481,12.347241,7.884469
1692848992.85907,3.412741,11.849399,7.6518054
1692848992.959453,3.476741,11.9655905,7.7317305
1692848993.059808,3.5762749,12.353798,7.623773
1692848993.159101,3.5963182,12.041331,7.793278
1692848993.259207,3.3798103,11.966165,7.8036585
1692848993.359509,3.4554696,12.050475,7.90981
1692848993.459264,3.349427,12.034776,7.2741895
1692848993.559195,3.382464,11.972243,7.6861672
1692848993.659255,3.5153124,12.089366,8.037168
1692848993.759496,3.5400832,12.288447,8.130406
1692848993.859277,3.5533617,11.945434,8.1717205
1692848993.959227,3.4577224,12.12523,8.408447
1692848994.059226,3.4367611,11.989849,8.244456
1692848994.164083,3.5432403,12.298778,8.742208
1692848994.264199,3.5368762,11.798502,8.554774
1692848994.359032,3.4163656,11.653229,8.512374
1692848994.459033,3.626691,12.225166,8.418438
1692848994.559307,3.550269,11.932115,8.305932
1692848994.659396,3.6274633,12.18717,8.348325
1692848994.759413,3.5589936,12.022824,8.461978
1692848994.85935,3.5878568,12.108547,8.505394
1692848994.959124,3.6328084,12.096917,8.419009
1692848995.059144,3.631601,12.170902,8.289202
1692848995.159178,3.6879268,12.336067,8.343832
1692848995.259997,3.6597347,12.185931,8.5635395
1692848995.359539,3.612414,12.328125,8.367145
1692848995.459808,3.6712513,12.098517,8.456365
1692848995.559387,3.6862428,12.348429,8.475837
1692848995.659114,3.538243,12.2908745,8.609333
1692848995.75912,3.6936321,12.317954,8.414433
1692848995.85929,3.74136,12.383051,8.286655
1692848995.959914,3.5303054,11.983797,8.538812
1692848996.059177,3.7168999,12.326511,8.276167
1692848996.159538,3.6886895,12.275381,8.464398
1692848996.259436,3.679242,12.090015,8.357773
1692848996.359111,3.6750405,12.274114,8.428456
1692848996.459216,3.7118902,12.43319,8.484861
1692848996.559444,3.6974888,12.266964,8.4722185
1692848996.659337,3.7108905,12.369464,8.43922
1692848996.759142,3.7081966,12.423218,8.466057
1692848996.859189,3.666825,12.22184,8.430282
1692848996.959418,3.680447,12.285673,8.559533
1692848997.05924,3.6559684,12.172881,8.391437
1692848997.159281,3.7129793,12.270267,8.543051
1692848997.259565,3.698779,12.277793,8.468497
1692848997.359186,3.7508128,12.116055,8.385572
1692848997.459211,3.7568548,12.231065,8.3176985
1692848997.559146,3.78473,12.318626,8.459621
1692848997.659218,3.6569853,12.05546,8.281224
1692848997.759263,3.716974,12.280832,8.354424
1692848997.859279,3.7083762,12.170251,8.335104
1692848997.959247,3.7345371,12.234283,8.470152
1692848998.059342,3.56896,12.142966,8.290891
1692848998.159604,3.6449242,11.56332,8.304911
1692848998.259389,3.4873815,11.546737,8.479557
1692848998.359437,3.5705767,11.783253,8.326942
1692848998.459358,3.4424093,11.423395,8.023744
1692848998.559394,3.6924002,12.0402975,8.493591
1692848998.659228,3.6256897,11.755825,8.676315
1692848998.759466,3.6401086,12.06911,8.721186
1692848998.859415,3.592003,11.958058,8.805613
1692848998.959486,3.48611,11.660431,8.612921
1692848999.059572,3.4613118,11.176191,8.471699
1692848999.159582,3.4956305,11.529408,8.593178
1692848999.259186,3.3582506,11.235473,8.5342045
1692848999.359682,3.362434,11.226418,8.447426
1692848999.460363,3.2462008,11.056145,8.520447
1692848999.559283,3.2330923,10.895037,8.422024
1692848999.659292,3.2398474,10.77382,8.30096
1692848999.75948,3.2643368,10.793462,8.403951
1692848999.859139,3.1190233,10.569875,8.287815
1692848999.959647,3.1597688,10.581537,8.334164
1692849000.059169,3.1294916,10.45696,8.45412
1692849000.159532,3.1157305,10.399965,8.449608
1692849000.259299,3.160158,10.4339905,8.426708
1692849000.359213,3.0556362,10.260947,8.246273
1692849000.459175,3.0051312,10.149979,8.372213
1692849000.559218,3.0064075,10.038696,8.272713
1692849000.659318,2.9019349,9.960611,8.369256
1692849000.759161,2.8649724,9.905761,8.305358
1692849000.859311,2.895981,9.735301,8.3519125
1692849000.959235,2.8451517,9.691355,8.216483
1692849001.059242,2.9159462,9.7654,8.220413
1692849001.159197,2.8009517,9.47894,8.283526
1692849001.259231,2.8176272,9.356998,8.287258
1692849001.359325,2.7246106,9.329715,8.206185
1692849001.459337,2.820601,9.342759,8.165347
1692849001.559184,2.7604225,9.490524,8.332126
1692849001.659236,2.7644427,9.183037,8.282398
1692849001.759365,2.7706597,9.098132,8.272826
1692849001.859233,2.6887844,8.997555,8.298976
1692849001.959303,2.602629,8.947997,8.146764
1692849002.059246,2.6823952,8.79392,8.408771
1692849002.159193,2.6743853,8.729865,8.133283
1692849002.259204,2.5722907,8.162211,8.231622
1692849002.359186,2.5339468,8.113638,8.301974
1692849002.4593,2.5805779,8.2603855,8.203351
1692849002.559542,2.5377567,8.020478,8.280106
1692849002.659274,2.4962945,7.9317393,8.165325
1692849002.759423,2.489143,7.9184885,8.231648
1692849002.859534,2.5266833,7.8551517,8.032272
1692849002.959229,2.4347522,7.5861955,8.122948
1692849003.059155,2.4133875,7.5417633,8.098609
1692849003.159303,2.372104,7.4121203,8.089992
1692849003.259182,2.344645,7.2145953,8.101353
1692849003.359343,2.3160675,7.0843472,8.160952
1692849003.45936,2.30233,6.9760833,8.112462
1692849003.559853,2.2120426,6.6419106,8.15719
1692849003.659446,2.222472,6.6523266,8.105843
1692849003.759481,2.2099688,6.5201664,8.085621
1692849003.859965,2.1414845,6.3908486,8.006535
1692849003.959389,2.1742506,6.232772,7.995794
1692849004.059456,2.2209945,6.3913302,8.127121
1692849004.159715,2.1229618,6.061984,8.063012
1692849004.259769,2.1034822,5.850617,8.06545
1692849004.359468,2.0497127,5.653771,8.059089
1692849004.459586,2.0285046,5.5860577,8.038338
1692849004.559522,1.9781007,5.307965,7.908586
1692849004.659239,1.97881,5.176131,7.9770374
1692849004.759387,2.0257144,5.5027905,8.326112
1692849004.859348,1.949253,5.021278,7.982102
1692849004.959846,1.8637141,5.0005536,8.033059
1692849005.059364,1.9103813,4.8838105,7.9959826
1692849005.159618,1.7891663,4.6539893,8.000517
1692849005.25919,1.789045,4.595743,7.9730525
1692849005.359292,1.8017453,4.559421,7.8335524
1692849005.459682,1.7808939,4.390675,7.9464364
1692849005.559348,1.7418115,4.260445,7.9741654
1692849005.65954,1.7373903,4.2332797,7.9833593
1692849005.759688,1.6424105,3.9098382,8.016181
1692849005.859411,1.5665363,3.6706276,7.8874903
1692849005.95926,1.6001713,3.7569814,7.935683
1692849006.059326,1.5950282,3.6650414,7.990444
1692849006.159496,1.5502834,3.5018456,7.966611
1692849006.259274,1.5407996,3.4345987,7.9561696
1692849006.359206,1.4697616,3.1685522,7.9433384
1692849006.459419,1.5055934,3.2143633,8.002932
1692849006.559452,1.4026896,2.977576,7.969622
1692849006.659244,1.3443798,2.7862692,7.950339
1692849006.759739,1.3184626,2.7012303,7.912016
1692849006.859375,1.1988467,2.3533046,7.9013553
1692849006.959338,1.1649272,2.2556849,7.8985066
1692849007.059258,1.1701468,2.2841516,7.8800406
1692849007.159537,1.0995815,1.980475,7.93135
1692849007.259314,1.1429449,2.0848174,7.873212
1692849007.35952,1.0416288,1.8521582,7.807348
1692849007.459428,0.9244704,1.6433463,7.843625
1692849007.559528,0.9715705,1.4401042,7.8640814
1692849007.659518,0.94008887,1.5917871,7.701191
1692849007.759331,0.989467,1.7020867,7.9863873
1692849007.859527,0.7084781,0.80857754,8.010628
1692849007.959317,0.8430652,1.0627755,7.810671
1692849008.059345,0.72948825,0.818331,7.919174
1692849008.159487,0.68887883,0.6629768,7.798446
1692849008.259299,0.72254467,0.7655475,7.7991185
1692849008.359617,0.64092046,0.5648904,7.773463
1692849008.45957,0.63594,0.5410532,7.715878
1692849008.559294,0.56554395,0.29374012,7.8470826
1692849008.659671,0.4584733,0.033194378,7.7449903
1692849008.759287,0.53519464,0.28582767,7.842581
1692849008.859548,0.32754564,-0.22608836,7.7888837
1692849008.959618,0.2891712,-0.42380998,7.738263
1692849009.059419,0.36908704,-0.34255555,7.4778953
1692849009.159265,0.27799112,-0.31170997,7.7223706
1692849009.259347,0.28097093,-0.38962594,7.6296334
1692849009.359071,0.23104343,-0.5507883,7.628836
1692849009.459234,0.347867,-0.36006585,7.5498157
1692849009.559146,0.19287515,-0.5350227,8.007103
1692849009.659216,-0.08332677,-1.3447376,7.745223
1692849009.759491,0.08664848,-0.85082936,7.7729278
1692849009.85927,0.068320744,-0.93627405,7.67993
1692849009.959176,0.06564896,-0.9868117,7.6321964
1692849010.059129,0.074836716,-0.9740108,7.7155404
1692849010.158971,0.08748549,-1.0049027,7.632334
1692849010.259223,0.19745204,-0.7489344,7.6120987
1692849010.359175,0.13143407,-0.8873573,7.7309937
1692849010.459152,0.0978882,-1.0284394,7.7167788
1692849010.55936,0.053992752,-0.9849641,7.664446
1692849010.65948,0.029276924,-1.1012933,7.6452627
1692849010.759468,-0.0058880877,-1.1444582,7.703941
1692849010.859411,0.15059218,-0.74902856,7.6041956
1692849010.959186,-0.045109633,-1.2290642,7.6126647
1692849011.059189,-0.13311489,-1.4466605,7.6320953
1692849011.159129,-0.104776874,-1.5421461,7.669293
1692849011.259482,-0.10781975,-1.5357872,7.616348
1692849011.359673,-0.10682082,-1.6832836,7.521825
1692849011.459452,-0.20341858,-1.5857755,7.5850325
1692849011.559194,-0.3300602,-2.0655236,7.8482413
1692849011.659174,-0.25781727,-1.929376,7.6879854
1692849011.759233,-0.23696834,-1.9349071,7.713669
1692849011.859163,-0.3068951,-2.0409892,7.6668234
1692849011.959318,-0.25530443,-1.9976748,7.6264195
1692849012.05917,-0.2588242,-2.0110502,7.6742287
1692849012.159554,-0.210683,-1.8125036,7.730119
1692849012.25925,-0.20653369,-1.823874,7.8088665
1692849012.391261,-0.25524727,-2.0379033,7.605457
1692849012.491217,-0.22404675,-1.914756,7.729859
1692849012.591186,-0.23673412,-1.9112865,7.6837926
1692849012.691258,-0.21043473,-1.8421139,7.5748153
1692849012.791393,-0.21724084,-1.9430546,7.6532373
1692849012.892518,-0.23311311,-1.9420754,7.5697308
1692849012.991463,-0.23223591,-1.9894742,7.6852264
1692849013.091233,-0.21448928,-1.9240173,7.6771536
1692849013.191352,-0.22294997,-1.8788086,7.649766
1692849013.291237,-0.20468023,-1.8962941,7.6671267
1692849013.391283,-0.2009778,-1.9291068,7.55822
1692849013.491453,-0.25885704,-1.8871737,7.6390285
1692849013.591222,-0.2585149,-1.7627382,7.6371455
1692849013.691238,-0.21627936,-1.8715565,7.6919913
1692849013.791153,-0.27108154,-2.0178745,7.62658
1692849013.891323,-0.32903475,-2.0514648,7.6296105
1692849013.991532,-0.16524258,-1.6993009,7.3895483
1692849014.091278,-0.29541087,-1.8612758,7.632936
1692849014.19125,-0.20119259,-1.346213,7.743031
1692849014.291187,-0.15968437,-1.4412299,7.7179747
1692849014.391384,-0.20305236,-1.6855776,7.6494083
1692849014.491256,-0.25044316,-1.8724737,7.597882
1692849014.591309,-0.22126773,-1.7604463,7.710632
1692849014.691386,-0.23235127,-1.6282145,7.612701
1692849014.791315,-0.2167686,-1.7203534,7.653006
1692849014.8914,-0.24690902,-1.7923137,7.664023
1692849014.991324,-0.29588038,-1.9002217,7.3700385
1692849015.0913,-0.30516544,-1.6940114,7.426122
1692849015.191405,-0.33533335,-1.6710188,7.7195396
1692849015.291277,-0.33362457,-1.8201612,7.596016
1692849015.391585,-0.2717937,-1.663588,7.557334
1692849015.491439,-0.2725197,-1.7034899,7.76494
1692849015.591327,-0.3042247,-1.6345502,7.5575266
1692849015.691349,-0.33743817,-1.8714231,7.3976617
1692849015.791343,-0.31239912,-1.7957817,7.726215
1692849015.891347,-0.24483496,-1.6657758,7.618278
1692849015.992037,-0.2850449,-1.5746412,7.5846634
1692849016.092075,-0.31531426,-1.6758755,7.619586
1692849016.191825,-0.34939516,-1.7623247,7.4942417
1692849016.291551,-0.3394815,-1.8212636,7.678631
1692849016.391325,-0.2682543,-1.5436257,7.5742164
1692849016.491236,-0.30592835,-1.6845627,7.4731293
1692849016.591336,-0.26459527,-1.6801361,7.620606
1692849016.69129,-0.29389173,-1.6126024,7.639646
1692849016.792321,-0.23075867,-1.5126404,7.498922
1692849016.891374,-0.18587932,-1.5176427,7.7244897
1692849016.991495,-0.31507543,-1.8029811,7.589515
1692849017.091239,-0.2607035,-1.6987989,7.7300653
1692849017.191305,-0.26007175,-1.6728462,7.674211
1692849017.291377,-0.2404558,-1.6999902,7.6336985
1692849017.391255,-0.15722468,-1.6279863,7.510296
1692849017.49124,-0.22025841,-1.6082822,7.6098986
1692849017.591252,-0.17746985,-1.543964,7.617549
1692849017.691186,-0.09691316,-1.4699599,7.6348195
1692849017.791595,-0.17888659,-1.630074,7.4803724
1692849017.891561,-0.19427055,-1.6091981,7.6914415
1692849017.991289,-0.06539044,-1.4542351,7.6457896
1692849018.091505,-0.0996089,-1.5584154,7.597286
1692849018.191541,-0.18435742,-1.8408719,7.6274667
1692849018.291593,-0.24356374,-1.8020658,7.5470834
1692849018.391279,-0.15918489,-1.5701054,7.5064664
1692849018.491312,-0.14781441,-1.5785215,7.6210384
1692849018.591511,-0.16140734,-1.4434477,7.569305
1692849018.691391,-0.13772748,-1.5147249,7.555704
1692849018.791326,-0.21248956,-1.6025027,7.527495
1692849018.891298,-0.27225426,-1.5999856,7.7089257
1692849018.99123,-0.2388382,-1.6176696,7.5132647
1692849019.091281,-0.33243918,-1.7323656,7.8321185
1692849019.191271,-0.22637461,-1.847098,7.456786
1692849019.291256,-0.18029916,-1.3312188,7.7880025
1692849019.391513,-0.28244618,-1.6903028,7.5911527
1692849019.491344,-0.21846263,-1.5822513,7.5672336
1692849019.591269,-0.20451139,-1.7140765,7.5292945
1692849019.691292,-0.17742269,-1.5890445,7.7063575
1692849019.791282,-0.28404343,-1.7254711,7.68004
1692849019.891248,-0.22176918,-1.6223601,7.5868826
1692849019.991202,-0.20551948,-1.6243218,7.6210575
1692849020.091956,-0.21910977,-1.6188895,7.585995
1692849020.191594,-0.21339713,-1.6407495,7.726953
1692849020.291459,-0.28131804,-1.7671182,7.711425
1692849020.3915,-0.17567231,-1.6318848,7.667831
1692849020.491329,-0.17008764,-1.5390909,7.7247796
1692849020.59139,-0.22555697,-1.7268765,7.785517
1692849020.691329,-0.22210716,-1.6292452,7.8292046
1692849020.791435,-0.20052838,-1.6065103,7.7968197
1692849020.891325,-0.19934994,-1.593428,7.8161798
1692849020.991387,-0.21462052,-1.5971074,7.86475
1692849021.091926,-0.20004325,-1.6499704,7.9760666
1692849021.191316,-0.2026707,-1.8014858,7.95418
1692849021.291313,-0.14613055,-1.5274395,8.051903
1692849021.391434,-0.25026107,-1.6022817,8.141078
1692849021.49135,-0.21970294,-1.4996898,8.041885
1692849021.591356,-0.26852122,-1.7639152,7.635493
1692849021.691323,-0.30759373,-1.6954453,8.103524
1692849021.791559,-0.36306053,-1.7554971,8.213119
1692849021.891402,-0.28477877,-1.2352722,8.221843
1692849021.99127,-0.34307426,-1.6225767,8.167283
1692849022.091742,-0.32786337,-1.508624,8.18578
1692849022.19146,-0.36508816,-1.7155735,8.185732
1692849022.291314,-0.36070484,-1.6511422,8.244779
1692849022.391256,-0.36533368,-1.5780543,8.252922
1692849022.491318,-0.37758273,-1.5894431,7.9509406
1692849022.591849,-0.34839103,-1.5289987,8.30668
1692849022.691363,-0.37218928,-1.5486934,8.149558
1692849022.79136,-0.33643425,-1.4931749,8.22949
1692849022.891362,-0.3414467,-1.4829552,8.137989
1692849022.991364,-0.37781483,-1.5343031,8.200052
1692849023.091261,-0.334257,-1.6792746,8.237889
1692849023.191478,-0.33004206,-1.5592945,8.152726
1692849023.291662,-0.3396121,-1.5564307,8.19111
1692849023.391532,-0.3048239,-1.6143756,8.19506
1692849023.491597,-0.27514964,-1.6155285,8.15346
1692849023.591468,-0.21960789,-1.5031422,8.251273
1692849023.691688,-0.463329,-1.9184667,8.178501
1692849023.791656,-0.3045863,-1.8602995,8.1866045
1692849023.891583,-0.33394578,-1.7027373,8.132796
1692849023.991536,-0.34539026,-1.8270171,8.280943
1692849024.091388,-0.3545399,-1.8319509,8.228379
1692849024.191675,-0.42841545,-1.9361339,8.1951475
1692849024.291575,-0.533756,-2.2937245,8.094225
1692849024.39158,-0.34535182,-1.793157,8.246313
1692849024.491579,-0.43365622,-1.9507604,8.0919285
1692849024.591571,-0.4474217,-2.1661253,8.398699
1692849024.691495,-0.5144465,-2.3332124,8.07756
1692849024.79143,-0.60179424,-2.4302087,7.8245044
1692849024.891634,-0.7457483,-2.6772177,7.9538183
1692849024.991908,-0.6909379,-2.5977793,7.970986
1692849025.09138,-0.86411464,-3.0572164,8.1348295
1692849025.191292,-0.9533314,-3.1678526,7.753381
1692849025.291419,-0.88276577,-3.0826008,8.243448
1692849025.391235,-0.9190123,-3.0252156,7.9489326
1692849025.49135,-1.0093447,-3.3537934,8.038455
1692849025.591373,-0.7941662,-2.557791,8.180433
1692849025.691256,-1.0269349,-3.472396,8.043454
1692849025.791373,-1.0015352,-3.5740085,8.079759
1692849025.89131,-0.94340813,-3.4231684,8.083038
1692849025.991272,-0.9781214,-3.4383636,8.012072
1692849026.091452,-0.9819058,-3.4187827,8.097184
1692849026.191474,-0.9564257,-3.3929863,8.201568
1692849026.291566,-0.91160023,-3.5424514,8.0662155
1692849026.391218,-0.86844957,-3.4102356,8.188584
1692849026.491362,-0.9748001,-3.4721935,8.014613
1692849026.591498,-1.0617557,-3.5174007,8.12495
1692849026.691519,-0.78630763,-3.2989743,8.113654
1692849026.791472,-0.83954287,-3.349735,8.047134
1692849026.891764,-0.82916576,-3.367538,8.118223
1692849026.991929,-0.7646511,-3.108939,8.11633
1692849027.091324,-0.93910944,-3.3217611,8.100613
1692849027.191279,-0.8514247,-3.1561377,8.106911
1692849027.291396,-0.91618115,-3.116995,8.097307
1692849027.391467,-0.7308632,-2.9662683,8.142434
1692849027.491393,-0.5644351,-2.7691944,8.177827
1692849027.591312,-0.67376477,-2.9471977,8.126535
1692849027.691349,-0.675157,-2.8647459,8.098525
1692849027.791431,-0.7185567,-2.9566472,8.145617
1692849027.89137,-0.6553669,-2.8657467,8.0899515
1692849027.991311,-0.8353996,-2.8023715,8.067644
1692849028.091303,-0.77091265,-2.8891008,8.285946
1692849028.191582,-0.5644284,-2.4172776,8.104727
1692849028.291581,-0.7813231,-2.924491,8.225173
1692849028.391546,-0.62542176,-2.570536,8.101995
1692849028.492008,-0.49982768,-2.397971,8.1627865
1692849028.591325,-0.706565,-2.7285383,8.107784
1692849028.691769,-0.6641818,-2.6856523,8.174466
1692849028.791316,-0.72734016,-2.5154512,8.155073
1692849028.891354,-0.75003284,-2.7629669,8.226703
1692849028.99144,-0.7174397,-2.789837,8.231125
1692849029.09136,-0.7608031,-2.8422923,8.187243
1692849029.191323,-0.7460478,-2.9299269,8.179604
1692849029.29175,-0.71519476,-2.710718,8.199762
1692849029.391271,-0.7365596,-2.875786,8.14823
1692849029.491277,-0.7095999,-2.9150875,8.168271
1692849029.591272,-0.72740126,-3.1860046,8.177986
1692849029.691327,-0.7276541,-3.0412507,8.164807
1692849029.791405,-0.7012496,-3.097575,8.339426
1692849029.891547,-0.53326416,-2.9916375,8.267604
1692849029.991531,-0.64535195,-2.893625,8.328918
1692849030.0914,-0.6030073,-3.1547136,8.044601
1692849030.191352,-0.68465996,-3.2381794,7.995148
1692849030.291287,-0.75780034,-3.1529195,7.971181
1692849030.391358,-0.65502894,-3.0475771,8.221136
1692849030.491396,-0.7768315,-3.141132,8.161053
1692849030.591352,-0.636909,-3.1000073,8.074959
1692849030.691427,-0.5833872,-2.875998,8.122809
1692849030.791323,-0.70761204,-3.5617416,8.515326
1692849030.891256,-0.5307409,-3.1707056,8.150883
1692849030.991328,-0.63006777,-3.2253008,8.074448
1692849031.091269,-0.6461531,-3.499179,8.216844
1692849031.19124,-0.5993541,-3.3685071,8.202174
1692849031.291177,-0.4076656,-3.678777,8.191322
1692849031.391535,-0.48240864,-3.524378,8.100637
1692849031.49127,-0.5246723,-3.3487747,8.046121
1692849031.591343,-0.40890092,-3.6496325,8.062881
1692849031.69131,-0.3556554,-3.5079947,8.313046
1692849031.791416,-0.39439315,-3.666286,8.133809
1692849031.891573,-0.46464324,-3.6040647,8.135532
1692849031.991738,-0.3797531,-3.6079712,8.251126
1692849032.091329,-0.17884709,-3.5077198,8.199059
1692849032.19137,-0.27403966,-3.7827313,8.083284
1692849032.291374,-0.15337357,-3.7034671,8.317146
1692849032.390879,-0.15632129,-3.630909,8.197428
1692849032.491029,-0.17377754,-3.2905946,8.069557
1692849032.591029,-0.08826044,-3.2187698,8.071393
1692849032.691053,-0.12173168,-3.7525709,8.329837
1692849032.791008,-0.1467384,-3.7424698,8.076875
1692849032.891145,-0.1264418,-3.9773066,8.164827
1692849032.991502,-0.11110553,-3.7355075,8.11466
1692849033.091255,-0.20356245,-3.7830741,8.161995
1692849033.191024,-0.20750277,-3.9075508,8.067986
1692849033.291064,-0.07120012,-3.7912624,8.312086
1692849033.390988,-0.3739963,-3.91774,8.2050705
1692849033.491078,-0.07397124,-3.8011832,8.114918
1692849033.5909,-0.17081442,-3.68704,8.193701
1692849033.69132,-0.11722687,-3.791735,8.215588
1692849033.791453,-0.1527299,-4.015282,8.181838
1692849033.891047,-0.048183296,-3.2682247,8.270976
1692849033.991111,-0.30729866,-3.9002924,8.107274
1692849034.091041,-0.4520273,-3.7681322,8.131727
1692849034.191128,-0.38984326,-4.0849776,8.079522
1692849034.29101,-0.40142864,-3.7889216,8.239879
1692849034.390922,-0.32303527,-3.895038,8.180408
1692849034.491306,-0.5068236,-3.9994009,8.198496
1692849034.591287,-0.3939517,-4.013794,8.065283
1692849034.691018,-0.6123957,-3.9278567,7.949092
1692849034.79122,-0.6376966,-3.774324,8.175677
1692849034.890953,-0.7254846,-4.0016794,8.076589
1692849034.990981,-0.74121165,-3.9272919,8.302024
1692849035.091154,-0.75895846,-3.5808094,8.22724
1692849035.190862,-0.74954516,-3.7128003,8.06631
1692849035.291079,-0.8902669,-3.724702,8.067539
1692849035.391508,-0.9955473,-3.829995,8.166118
1692849035.49124,-0.8900063,-3.55803,8.24623
1692849035.591197,-1.0111197,-3.9259772,8.265386
1692849035.690974,-1.1074413,-3.793676,8.109322
1692849035.791233,-1.3330334,-3.8778374,8.317377
1692849035.891184,-1.2530051,-4.0321527,8.281116
1692849035.990956,-1.2515422,-3.9185746,8.190686
1692849036.091148,-1.1934761,-3.8122776,8.121786
1692849036.191233,-1.524251,-3.8699808,8.097948
1692849036.291117,-1.4862825,-3.8865843,8.212497
1692849036.391254,-1.522535,-3.9074557,8.218999
1692849036.491342,-1.4070332,-3.8129663,8.2318735
1692849036.591256,-1.7107501,-3.9354289,8.231602
1692849036.691024,-1.7394426,-3.8680117,8.203873
1692849036.790848,-1.6081514,-3.8207543,8.056483
1692849036.890947,-1.7922388,-3.9223557,8.165016
1692849036.991215,-1.8563362,-3.8921585,8.2673645
1692849037.091152,-1.7246554,-3.8647969,8.151187
1692849037.191154,-1.8595486,-3.8548625,8.269921
1692849037.291183,-1.7343822,-3.7590435,8.214718
1692849037.391299,-1.9357579,-3.985995,8.229496
1692849037.490948,-1.7631767,-3.8179233,8.142776
1692849037.591053,-1.8405259,-3.8173938,8.115974
1692849037.691283,-1.8219651,-3.7798054,8.140085
1692849037.79119,-1.8146341,-3.864761,8.177335
1692849037.89127,-1.8170662,-3.8023531,8.169035
1692849037.990859,-1.8520768,-3.8464115,8.15247
1692849038.091313,-1.7363207,-3.8290427,8.114309
1692849038.191156,-1.823919,-4.017571,8.172357
1692849038.29109,-1.899914,-3.8224394,8.241335
1692849038.391042,-1.8206158,-3.746683,8.218121
1692849038.491146,-1.5911275,-3.7420528,8.103872
1692849038.591224,-1.7791865,-3.7091327,8.062218
1692849038.691871,-1.7596437,-3.8361714,8.283377
1692849038.791412,-1.6829008,-3.7276049,8.195253
1692849038.891344,-1.5681343,-3.7491689,8.19199
1692849038.991212,-1.6545022,-3.6811283,8.160494
1692849039.091091,-1.7307605,-3.8824694,8.105695
1692849039.19112,-1.6095362,-3.775352,8.167943
1692849039.29125,-1.5738791,-3.7990646,8.297487
1692849039.391365,-1.550066,-3.6998916,8.239281
1692849039.491341,-1.5443335,-3.7284532,8.162229
1692849039.591137,-1.54479,-3.7862597,8.2721195
1692849039.691197,-1.6675372,-3.6305544,8.137378
1692849039.791122,-1.3785603,-3.6413276,8.161153
1692849039.891037,-1.4655046,-3.7347007,8.223255
1692849039.991069,-1.3923604,-3.5373719,8.237175
1692849040.091066,-1.4499661,-3.512488,8.302008
1692849040.191234,-1.443263,-3.581881,8.172113
1692849040.291149,-1.3462032,-3.4362385,8.268265
1692849040.391229,-1.3001313,-3.3587854,8.339044
1692849040.491098,-1.2549043,-3.3471372,8.292584
1692849040.591219,-1.2143061,-3.288393,8.263351
1692849040.691243,-1.191766,-3.127054,7.977432
1692849040.791244,-1.2198269,-3.1869147,8.216864
1692849040.891506,-1.1324558,-3.2635608,8.222296
1692849040.991819,-1.0864602,-3.1286204,8.288361
1692849041.091243,-0.96866447,-3.0843337,8.289291
1692849041.191138,-1.0401801,-3.1611822,8.233553
1692849041.291696,-1.0211641,-2.9944515,8.223655
1692849041.391097,-0.89434636,-2.755859,8.333235
1692849041.491229,-0.91109836,-2.8773868,8.319607
1692849041.591106,-0.864973,-2.8778827,8.349236
1692849041.691494,-0.8621677,-2.72144,8.260244
1692849041.791428,-0.76941776,-2.4895422,8.2158575
1692849041.891515,-0.7901876,-2.4899814,8.273037
1692849041.991329,-0.80969375,-2.5263844,8.43788
1692849042.091239,-0.81942725,-2.596936,8.319067
1692849042.191234,-0.8930738,-2.6452956,8.398271
1692849042.292546,-0.7928333,-2.3147643,8.378787
1692849042.391053,-0.6897292,-2.4270542,8.3308325
1692849042.491214,-0.65342826,-2.2222807,8.326723
1692849042.591279,-0.7719871,-2.6064074,8.282532
1692849042.691272,-0.64033,-2.261943,8.34896
1692849042.79135,-0.6080544,-2.1874037,8.308534
1692849042.891263,-0.70571923,-2.1554677,8.444036
1692849042.991183,-0.6336786,-2.1649306,8.413963
1692849043.091258,-0.62405175,-2.1040785,8.352479
1692849043.191207,-0.57002133,-1.8836241,8.47036
1692849043.291384,-0.5997208,-2.1040218,8.461856
1692849043.391311,-0.6184647,-2.0530622,8.39336
1692849043.491265,-0.5578214,-1.9962319,8.461161
1692849043.591151,-0.5725311,-1.9860684,8.3373
1692849043.691152,-0.48900545,-1.7033175,8.3239355
1692849043.791137,-0.46794477,-1.8270868,8.308869
1692849043.891169,-0.57537526,-2.014232,8.511237
1692849043.991064,-0.517748,-1.9832493,8.4074335
1692849044.091231,-0.5092754,-1.8697572,8.524703
1692849044.191547,-0.40784264,-1.6507396,8.507406
1692849044.291203,-0.47764543,-1.870051,8.330867
1692849044.391196,-0.45170495,-1.5757403,8.488374
1692849044.491313,-0.5004512,-2.1668541,8.214465
1692849044.591142,-0.4901662,-1.8413379,8.463436
1692849044.691231,-0.3621408,-1.5344188,8.381231
1692849044.791215,-0.33057827,-1.3239801,8.505208
1692849044.890993,-0.19958505,-0.63453203,8.49595
1692849044.991174,-0.39658046,-1.3915778,8.288808
1692849045.091245,-0.35495004,-1.6706493,8.4042225
1692849045.191177,-0.3814414,-1.4737766,8.59908
1692849045.291222,-0.27719244,-0.9528938,8.57515
1692849045.391028,-0.35330397,-0.9845261,8.706569
1692849045.491205,-0.3879293,-1.1793804,8.605453
1692849045.591219,-0.38377443,-1.3127474,8.50178
1692849045.691155,-0.40967867,-1.508039,8.533837
1692849045.791575,-0.26487505,-0.9467432,8.456854
1692849045.891221,-0.22231118,-0.8576511,8.432128
1692849045.99119,-0.3310634,-1.3485416,8.453903
1692849046.091381,-0.33550167,-1.163626,8.554285
1692849046.19116,-0.25086746,-0.9316008,8.589034
1692849046.291233,-0.28381607,-1.0477369,8.607512
1692849046.396305,-0.11435379,-0.73018914,8.462894
1692849046.493615,-0.15354332,-0.79246837,8.477884
1692849046.591505,-0.25675052,-1.2815456,8.363062
1692849046.691321,-0.14788234,-0.86235183,8.504844
1692849046.791219,0.022814604,-0.749959,8.343907
1692849046.891273,-0.07245548,-0.7168985,8.636306
1692849046.991291,-0.049787942,-0.7845818,8.477423
1692849047.091242,-0.015124202,-0.7464681,8.591864
1692849047.191273,0.021227386,-0.7216106,8.510346
1692849047.291349,0.019780846,-0.6271122,8.597467
1692849047.39131,0.14698666,-0.56857824,8.484676
1692849047.49131,0.102070704,-0.72668916,8.620429
1692849047.591234,0.19246209,-0.32021,8.470864
1692849047.691129,0.09000808,-0.6297533,8.580313
1692849047.791254,0.2703183,-0.45500168,8.642298
1692849047.891285,0.32164168,0.027756257,8.757243
1692849047.991254,0.26052454,-0.38743916,8.614165
1692849048.091157,0.4110161,-0.010312399,8.675433
1692849048.191347,0.22957635,-0.355359,8.5918045
1692849048.29123,0.19729792,-0.4310002,8.637238
1692849048.391322,0.30810022,-0.2040519,8.708665
1692849048.491323,0.25442332,-0.458783,8.568453
1692849048.591269,0.40354723,-0.02460117,8.734434
1692849048.691126,0.28909314,-0.17806177,8.719387
1692849048.791197,0.38113606,-0.13355625,8.664602
1692849048.891199,0.43797442,-0.09071578,8.598668
1692849048.99166,0.5230713,0.09156166,8.641809
1692849049.091323,0.4640177,0.15934466,8.652065
1692849049.191624,0.44975665,0.011308944,8.687488
1692849049.291192,0.5765581,0.14593144,8.680308
1692849049.391195,0.6462149,0.272325,8.735628
1692849049.491409,0.52666295,0.09619734,8.663284
1692849049.591367,0.60155195,0.16974173,8.863168
1692849049.691426,0.55163395,0.21270235,8.633956
1692849049.791329,0.59009016,0.2224978,8.700805
1692849049.891238,0.6539067,0.38037974,8.659665
1692849049.991385,0.6526247,0.095329866,8.6965065
1692849050.091249,0.8614084,0.67705405,9.132896
1692849050.191376,0.5411633,0.1185357,8.608372
1692849050.291177,0.7012617,0.37326446,8.60466
1692849050.391173,0.9449758,0.9664458,8.776605
1692849050.491263,0.8877285,0.7749045,8.847702
1692849050.591525,0.8631701,0.6918851,8.762988
1692849050.691465,0.89443755,0.87516415,8.7511835
1692849050.791197,0.8645483,0.80266494,8.838659
1692849050.891235,0.8198358,0.663064,8.6466465
1692849050.991179,0.96032304,1.1529454,8.973885
1692849051.091281,1.0173886,1.2905488,8.597204
1692849051.191177,0.81528056,0.74685997,8.710252
1692849051.291253,0.9950604,1.3453275,8.766385
1692849051.391695,0.9098175,1.072787,8.796463
1692849051.491302,0.81861746,0.9945382,8.739777
1692849051.591247,0.82691455,1.1113621,8.731359
1692849051.691242,0.82421845,1.0874877,8.790297
1692849051.791091,0.8683816,1.2101692,8.594069
1692849051.891267,0.8934331,1.2957487,8.817082
1692849051.991288,0.8034891,1.2486396,8.8013115
1692849052.091121,0.797907,1.2016337,8.797087
1692849052.191295,0.8091243,1.5259798,8.766368
1692849052.29127,0.8345416,1.467297,8.817562
1692849052.391227,0.91035813,1.7096881,8.892297
1692849052.491211,0.8023471,1.3756106,8.772853
1692849052.591071,0.8708302,1.4793997,8.747612
1692849052.69116,0.8904265,1.6642631,8.841604
1692849052.791084,0.9419177,1.7573355,8.877905
1692849052.891109,0.94688344,1.7109025,8.786889
1692849052.99136,0.95108795,1.7900126,8.746668
1692849053.091164,0.9061252,1.6267588,8.74859
1692849053.191298,0.9697882,1.7094687,8.721511
1692849053.291092,1.0064733,1.8685354,8.918286
1692849053.391062,0.985446,1.8509004,8.746313
1692849053.491241,1.0257976,1.876414,8.966946
1692849053.59105,1.0142932,1.8757923,8.691841
1692849053.691071,1.1075841,2.2145123,8.897499
1692849053.791425,1.081797,2.1013496,8.744729
1692849053.891357,1.1759583,2.3688483,8.996184
1692849053.99114,1.1316221,2.1901402,8.804518
1692849054.091183,1.129062,2.309819,8.945932
1692849054.191059,1.1548986,2.5283215,8.853356
1692849054.295438,1.2021799,2.400196,8.872978
1692849054.391279,1.2501746,2.7663128,8.861115
1692849054.491399,1.2022798,2.5151274,8.89617
1692849054.591381,1.1872526,2.4398956,8.850274
1692849054.691537,1.2609451,2.6583045,8.8834095
1692849054.791346,1.2840002,2.624554,8.919438
1692849054.891419,1.3353959,2.8139777,8.947028
1692849054.991321,1.3771951,2.8790874,8.925311
1692849055.091394,1.2965777,2.76805,8.899268
1692849055.191404,1.3437173,2.73638,8.838268
1692849055.291293,1.4496632,3.092559,8.926106
1692849055.391441,1.3892972,2.9036913,8.957797
1692849055.491337,1.3336034,2.8502505,8.869777
1692849055.591337,1.4064842,3.0932896,8.920517
1692849055.691257,1.6023654,3.3344646,9.26925
1692849055.791278,1.4448031,3.037002,9.067319
1692849055.891221,1.5518205,3.2723186,8.9128475
1692849055.991374,1.5446548,3.181279,8.899328
1692849056.091322,1.5052674,3.2352004,8.89157
1692849056.191363,1.5739679,3.2477849,8.855853
1692849056.291306,1.6740651,3.4147704,8.998564
1692849056.391268,1.6245025,3.3594697,8.950693
1692849056.491297,1.699482,3.5072784,9.234518
1692849056.591359,1.7186456,3.6739097,8.974291
1692849056.691375,1.6733888,3.409129,9.007572
1692849056.791256,1.7510207,3.5559218,9.045248
1692849056.891297,1.7745644,3.7601125,8.936171
1692849056.991349,1.8200761,3.5954854,8.8771715
1692849057.091322,1.8249294,3.7368267,8.945008
1692849057.191317,1.7590649,3.5685205,8.927414
1692849057.291453,1.8947577,4.1514955,9.03394
1692849057.391281,1.8434119,3.5332189,8.806392
1692849057.490884,1.8588712,4.0632863,8.944101
1692849057.59099,1.6448597,3.4182155,8.984972
1692849057.691088,1.8451464,4.0016756,8.846041
1692849057.791181,1.8825579,4.2407017,9.015623
1692849057.891158,1.9169484,4.1081424,9.299562
1692849057.990964,1.8717675,3.8559837,8.780331
1692849058.091147,2.0251772,5.0303664,9.232276
1692849058.190965,1.8368722,3.9356294,9.028176
1692849058.291402,1.9273318,4.1869097,9.03553
1692849058.391024,1.9716805,4.130459,9.091899
1692849058.491095,1.9277651,4.2369194,9.122976
1692849058.591391,1.9598229,4.3416085,9.19894
1692849058.69117,1.8633825,6.8149676,8.648451
1692849058.791255,1.9660345,4.477224,9.006243
1692849058.891103,1.8740036,4.177433,9.044005
1692849058.991008,1.9609636,4.267551,9.152045
1692849059.091136,1.9842103,4.5118346,9.22692
1692849059.191054,1.9484049,4.7827444,9.392065
1692849059.291058,1.9669989,4.501338,8.979279
1692849059.391237,2.0072577,4.660093,9.18257
1692849059.491092,1.9192255,4.211406,9.046801
1692849059.591088,1.9598058,4.544536,9.063697
1692849059.691167,1.9330264,4.862179,9.216002
1692849059.791164,1.9190774,4.9993443,9.246819
1692849059.891038,2.007168,4.5358434,9.084611
1692849059.99133,1.9278839,4.8679256,9.142536
1692849060.091083,1.9986765,5.3581443,9.536712
1692849060.1916,1.8943014,4.77726,9.235279
1692849060.290982,1.85704,4.9702015,9.378337
1692849060.391346,1.8716514,4.5964746,9.316078
1692849060.491245,1.9794754,5.555103,9.461908
1692849060.59113,1.8464713,5.1203923,9.270369
1692849060.69121,1.9257647,6.016864,9.222754
1692849060.79127,1.7651002,5.21289,9.467291
1692849060.891132,1.7290871,5.2949715,8.820563
1692849060.991183,1.889904,5.5137696,9.123559
1692849061.091264,1.7543714,5.207444,9.40728
1692849061.190753,1.7437873,5.192677,9.460781
1692849061.291044,1.3166333,4.597191,8.743638
1692849061.391021,1.4894769,5.6627107,10.538297
1692849061.490922,1.544755,5.201379,9.104472
1692849061.590925,1.6007781,5.4970813,9.083712
1692849061.690852,1.5774903,5.459106,9.476521
1692849061.791214,1.5175737,5.326314,9.328641
1692849061.891057,1.5376096,5.6066303,9.438096
1692849061.991007,1.4920691,5.46944,9.242154
1692849062.091145,1.50183,5.6029162,9.27001
1692849062.191116,1.5145465,5.4936075,9.379307
1692849062.290938,1.4437878,5.254862,9.2805
1692849062.391138,1.4485233,5.6135187,9.189158
1692849062.491077,1.2821956,4.997234,9.237114
1692849062.591581,1.3723084,5.8640146,9.211614
1692849062.691327,1.3992534,5.4791584,9.2349615
1692849062.791016,1.345595,5.6182466,9.113623
1692849062.891043,1.400214,7.1235027,9.326518
1692849062.991022,1.3350393,5.843568,9.148581
1692849063.090895,1.364691,5.5983787,9.359884
1692849063.191055,1.4665397,6.089283,9.248233
1692849063.290991,1.4146525,6.013037,9.287281
1692849063.391211,1.4393389,6.1169457,9.479453
1692849063.491027,1.5016873,6.1268797,9.418032
1692849063.591087,1.4613582,6.2276382,9.459048
1692849063.69101,1.4390864,5.913944,9.24282
1692849063.791003,1.4686061,5.994941,9.483714
1692849063.890905,1.4582168,6.081336,9.36141
1692849063.990957,1.486382,6.1578565,9.233861
1692849064.090927,1.5034864,6.2600894,9.460233
1692849064.191209,1.4896626,6.407628,9.470417
1692849064.291365,1.4404241,6.5763774,9.423402
1692849064.391162,1.4022261,5.8796287,9.232647
1692849064.490915,1.4514486,6.238752,9.330938
1692849064.591192,1.4515798,6.439262,9.377733
1692849064.691047,1.4558598,6.5472507,9.514635
1692849064.790822,1.4096096,6.831378,9.810793
1692849064.891165,1.3644347,6.3729925,9.350061
1692849064.991451,1.3521537,6.3502526,9.477981
1692849065.09129,1.4196261,6.635378,9.3722105
1692849065.19097,1.4404444,7.604889,9.482702
1692849065.291156,1.6479688,7.4712234,9.614651
1692849065.391034,1.4405743,6.764217,9.01077
1692849065.490888,1.5109768,7.0747066,9.253998
1692849065.590971,1.5169451,7.4293656,9.508992
1692849065.690968,1.5893881,7.468882,9.368917
1692849065.791242,1.5310798,7.1738486,9.082691
1692849065.891112,1.4604731,7.159516,9.525981
1692849065.991058,1.5551224,7.884601,11.037073
1692849066.091074,1.4060655,7.274866,9.684988
1692849066.191137,1.4174981,7.2600408,9.237962
1692849066.290864,1.405648,7.0012383,9.293875
1692849066.391114,1.3778698,7.1653404,9.454358
1692849066.490932,1.5132984,7.501412,9.470956
1692849066.591402,1.5061058,7.5572243,9.686404
1692849066.691288,1.4153032,7.558102,9.507805
1692849066.79084,1.4127822,7.515423,9.579573
1692849066.890962,1.3454181,7.338217,9.4591055
1692849066.990978,1.4765685,7.6953998,9.212255
1692849067.09107,1.4944794,7.9414196,9.52724
1692849067.190933,1.3332429,7.37133,9.575521
1692849067.290929,1.383765,7.5288215,9.65323
1692849067.391618,1.3563353,7.31463,9.557962
1692849067.491486,1.4992502,7.862198,9.73904
1692849067.591106,1.5343893,8.142623,9.571496
1692849067.691103,1.5282005,7.8970227,9.445924
1692849067.790984,1.5122035,7.832166,9.463773
1692849067.89529,1.5805424,7.860879,9.334919
1692849067.996347,1.5069084,7.6160235,9.48395
1692849068.096399,1.628974,8.275311,9.821784
1692849068.196264,1.6195676,8.188101,9.573635
1692849068.296451,1.5215541,8.122619,9.574057
1692849068.396199,1.6612952,8.281298,9.574235
1692849068.496113,1.6924479,8.482135,9.574586
1692849068.59626,1.5952308,7.7000732,9.371647
1692849068.69641,1.6410484,8.302652,9.69721
1692849068.796275,1.6547397,8.273942,9.424992
1692849068.893904,1.9073683,9.068463,9.29183
1692849068.991606,1.7915697,8.480851,9.4500675
1692849069.091456,1.7424439,8.457184,9.572097
1692849069.191351,1.8001838,8.670688,9.193852
1692849069.291314,1.6672304,8.003818,9.284641
1692849069.391436,1.8357024,9.078261,9.690428
1692849069.49135,1.7223526,8.500006,9.3374405
1692849069.591421,1.7767828,8.703489,9.546832
1692849069.691417,1.924062,8.966599,9.450208
1692849069.791495,1.8991235,9.101163,9.613515
1692849069.891352,1.7233269,8.750016,9.463315
1692849069.991272,1.725253,8.7749,9.731478
1692849070.0913,1.7681953,8.744122,9.274673
1692849070.191366,2.0534558,9.081467,8.706672
1692849070.291833,1.6956763,8.842456,9.335454
1692849070.39135,1.81934,8.984022,9.448314
1692849070.490998,1.6993423,8.842013,9.530502
1692849070.591463,1.779061,9.563497,9.655942
1692849070.691372,1.7377338,9.520964,9.109231
1692849070.791494,1.7752535,9.724983,9.737859
1692849070.891288,1.7634679,9.563706,9.80392
1692849070.991301,1.7302654,9.196195,9.714881
1692849071.091815,1.6110194,9.296948,9.677979
1692849071.191481,1.8572774,9.548528,9.48901
1692849071.291512,1.8185735,9.624463,9.545527
1692849071.391566,1.7525444,9.617504,9.632852
1692849071.491421,1.9548888,10.008231,9.489526
1692849071.59123,1.9733378,10.115087,9.2922
1692849071.691227,1.8031081,9.883405,9.553315
1692849071.791225,1.9796087,10.059044,9.374678
1692849071.891291,1.8842797,9.652931,9.698297
1692849071.991305,1.8392282,9.724751,9.759181
1692849072.091319,1.8770299,9.804371,9.579863
1692849072.191407,1.8687799,10.098292,9.615082
1692849072.291371,1.8537784,10.214319,9.622418
1692849072.39137,1.7965877,9.673492,9.489024
1692849072.491276,1.9241294,10.057006,9.52044
1692849072.591121,1.9939778,10.274142,9.953367
1692849072.691021,1.7919087,10.198566,9.735783
1692849072.791171,2.1165373,10.613254,9.78306
1692849072.891161,2.053085,10.2726145,9.854598
1692849072.991399,1.9981292,10.164847,9.371704
1692849073.091307,2.05209,10.742143,10.412555
1692849073.191278,2.153159,10.456733,9.759545
1692849073.291485,2.0094292,10.407268,10.003859
1692849073.391356,2.2440639,10.33998,9.966926
1692849073.491325,2.2254448,10.878568,9.749226
1692849073.596259,2.2497818,10.873872,9.638507
1692849073.691336,2.129362,10.9720955,9.797349
1692849073.791674,2.121269,10.667556,9.845474
1692849073.891323,2.0644104,10.948775,9.690888
1692849073.991195,2.196621,10.982827,10.468355
1692849074.090707,2.2296224,10.721623,9.349654
1692849074.191006,2.05738,10.712261,9.689815
1692849074.291175,2.1948059,10.829418,9.545837
1692849074.3911,2.1803656,10.774664,9.804296
1692849074.491205,2.048986,10.776532,9.806651
1692849074.590979,2.1406288,10.769736,9.881357
1692849074.690856,2.096915,10.959101,9.764818
1692849074.790948,2.1647632,10.824582,9.802202
1692849074.89099,2.0344675,10.676014,9.709551
1692849074.991017,2.0091333,10.788772,9.93865
1692849075.090907,1.9767244,10.421957,9.82343
1692849075.190894,2.051055,10.615229,9.678882
1692849075.291177,1.9748683,10.554293,9.564647
1692849075.391212,2.0206704,10.760831,10.049948
1692849075.491024,2.037434,10.700823,10.111815
1692849075.590961,2.0273676,10.750901,9.842321
1692849075.690976,2.0406468,10.669896,9.620215
1692849075.790893,1.9274416,10.37736,9.856907
1692849075.891038,2.052626,10.704806,9.92538
1692849075.99093,2.0596654,10.444549,9.525216
1692849076.091186,1.9840066,10.651864,10.106987
1692849076.191035,1.9942977,10.524835,9.881821
1692849076.29105,2.0746396,10.499089,9.761416
1692849076.391104,1.9226882,10.295028,9.841878
1692849076.490953,1.9374928,10.370695,9.711152
1692849076.591015,2.020856,10.529695,9.865336
1692849076.691142,2.0788696,10.557652,9.840004
1692849076.791016,2.0627983,10.732486,9.84467
1692849076.891175,2.0691469,10.537937,9.869187
1692849076.991178,2.0302198,10.56892,9.902671
1692849077.0911,1.9751846,10.423793,9.704332
1692849077.190967,1.9965104,10.719453,9.732619
1692849077.291326,1.8541126,10.460241,9.880484
1692849077.391237,1.9530096,10.427168,9.633317
1692849077.491216,2.027541,10.730488,10.059128
1692849077.591188,1.9098377,10.523022,9.91791
1692849077.691203,1.9755385,10.171693,9.909393
1692849077.791593,1.9423593,10.378222,10.000403
1692849077.891247,1.9342872,10.520933,9.817428
1692849077.991644,1.988058,10.325874,9.678001
1692849078.091323,1.9114689,10.234454,9.530109
1692849078.191252,1.9700375,10.614031,9.991725
1692849078.291187,1.8486006,10.21426,10.399799
1692849078.391089,2.0557435,10.714985,10.175853
1692849078.49122,2.017484,10.385697,9.867501
1692849078.591421,1.925966,10.546659,9.921065
1692849078.691353,1.9470301,10.4861145,9.803563
1692849078.79126,2.0133405,10.74846,9.985695
1692849078.891386,1.978012,10.524791,9.681385
1692849078.991542,1.945373,10.493196,9.68316
1692849079.091316,1.976026,10.576333,9.930719
1692849079.191294,1.923993,10.192996,9.667778
1692849079.291339,1.9890857,10.491172,9.773034
1692849079.391399,1.8662403,10.312999,9.795596
1692849079.491237,1.9454491,10.541987,9.836582
1692849079.591255,1.9570891,10.224106,9.609211
1692849079.691337,1.851846,10.39499,9.949965
1692849079.791397,1.9079726,10.62444,9.94069
1692849079.89149,1.9135426,10.557906,9.880914
1692849079.991214,2.0327568,10.420713,9.637025
1692849080.091357,1.9601144,10.564843,9.987088
1692849080.191595,1.921287,10.500583,9.489822
1692849080.291391,1.948346,10.496009,9.869696
1692849080.391247,1.8999003,10.405072,9.711268
1692849080.491272,1.7751004,10.427394,9.757955
1692849080.591165,1.9627409,10.433556,9.489607
1692849080.691452,1.923914,10.561476,9.8008995
1692849080.791382,1.8965153,10.735989,9.641968
1692849080.891247,1.9400061,10.594594,9.811786
1692849080.991357,1.9420693,10.464312,9.881366
1692849081.091211,1.894624,10.238421,9.807198
1692849081.191224,1.9473602,10.557307,9.950411
1692849081.291167,1.9244773,10.268521,9.928501
1692849081.391236,1.9325085,10.769429,9.963161
1692849081.491151,1.8831708,10.479582,10.222947
1692849081.591183,2.0295975,10.789283,10.229324
1692849081.691322,1.9427172,10.50173,10.036885
1692849081.791571,1.9584173,10.294926,9.99526
1692849081.891322,2.0818677,10.563574,9.73734
1692849081.991251,1.9943973,10.211195,9.768439
1692849082.091175,1.9271595,10.240693,10.520093
1692849082.191185,2.023325,10.674412,10.381408
1692849082.291167,2.1265824,10.393639,10.156592
1692849082.391167,2.0462072,10.3300085,10.12832
1692849082.491327,2.0217893,10.3782425,10.1441765
1692849082.591431,2.008337,10.416447,10.193279
1692849082.691302,2.0290062,10.488291,10.309095
1692849082.791372,1.9730867,10.515072,10.472582
1692849082.891254,2.0503685,10.497473,10.321826
1692849082.991248,1.944682,10.507966,10.548385
1692849083.094502,1.8930123,10.521338,10.912533
1692849083.191325,1.9774375,10.406264,10.36461
1692849083.29131,1.9294732,10.163971,10.147892
1692849083.391527,1.9864094,10.305164,10.437465
1692849083.491483,2.0358732,10.435146,10.962155
1692849083.59124,2.0161216,10.160052,10.20765
1692849083.691228,2.0513928,10.642678,10.945786
1692849083.791291,2.0511472,10.561413,10.865343
1692849083.891252,2.0576677,10.25431,10.84169
1692849083.991319,2.0973594,10.353887,10.694729
1692849084.091238,2.0838692,10.284577,10.425717
1692849084.191526,2.0816934,10.229648,10.971154
1692849084.291444,2.089694,10.476488,11.2187605
1692849084.391303,2.055336,10.012083,10.17822
1692849084.491325,2.114764,10.218809,10.439766
1692849084.591501,2.2000253,10.377213,10.369863
1692849084.691331,2.134921,10.527101,11.155867
1692849084.791645,2.0950587,10.414842,10.92296
1692849084.891458,2.0459757,10.27347,10.676649
1692849084.991728,2.0501025,10.330721,10.912718
1692849085.0915,1.9810364,10.306397,11.275949
1692849085.1913,2.0277321,10.252495,11.329227
1692849085.291323,2.0020587,10.428763,11.906679
1692849085.39127,2.0460956,10.291586,11.338803
1692849085.490971,2.054562,10.468773,11.683825
1692849085.590842,2.045771,10.347543,11.222585
1692849085.691023,2.048381,10.333891,11.5156555
1692849085.791169,2.0356636,10.389824,11.695347
1692849085.891273,1.9234976,10.147232,11.250637
1692849085.991025,2.0088701,10.294385,11.352537
1692849086.091079,2.0426216,10.455331,11.1192255
1692849086.191207,2.0369344,10.651286,11.7237015
1692849086.291173,2.0570734,10.407968,12.08588
1692849086.391132,2.0599267,10.535236,11.812582
1692849086.491163,2.0362232,10.215102,11.577233
1692849086.591307,1.9423844,10.264277,11.530581
1692849086.691451,1.977449,10.379143,12.181804
1692849086.791262,2.1626623,10.410232,11.827015
1692849086.891087,2.1023412,10.325866,11.760921
1692849086.99111,2.0034382,10.427475,11.978552
1692849087.091478,2.0522528,10.404416,12.152452
1692849087.191202,2.1641386,10.417825,12.173098
1692849087.291449,2.005591,10.505396,12.814894
1692849087.391459,2.1151228,10.291224,11.962375
1692849087.491381,2.0427957,10.311224,12.449782
1692849087.591136,2.0675094,10.255818,12.239983
1692849087.691069,2.122698,10.331365,12.245517
1692849087.791096,2.0776787,10.406292,12.622732
1692849087.890998,2.2608783,10.710153,11.20756
1692849087.991152,2.2952402,10.63505,12.613648
1692849088.091136,2.072487,10.494211,12.212045
1692849088.191233,2.0618944,10.264536,11.561013
1692849088.291207,2.1387215,10.222905,11.698011
1692849088.391166,2.0942273,10.363714,12.37653
1692849088.491174,2.1070313,10.36537,12.537766
1692849088.59116,2.1120818,10.441791,12.5964365
1692849088.691057,2.0629902,10.244656,12.746585
1692849088.791186,2.0881703,10.350152,12.870922
1692849088.891056,2.0467212,10.284854,12.662554
1692849088.991151,2.0925035,10.343831,13.025309
1692849089.091058,2.0455663,10.392623,12.952717
1692849089.191061,2.1434822,10.349951,12.799536
1692849089.29115,2.1057036,10.380839,12.695887
1692849089.391032,2.109633,10.456379,13.161007
1692849089.491161,2.1308737,10.623585,12.998443
1692849089.591128,2.1172943,10.491537,13.115903
1692849089.691185,2.1066887,10.384922,13.162987
1692849089.79126,2.1228092,10.434579,13.209918
1692849089.891214,2.0333376,10.174085,12.776318
1692849089.991163,2.0723262,10.237674,13.145549
1692849090.09109,2.1127992,10.34137,13.484327
1692849090.191133,2.0987217,10.39445,13.34734
1692849090.2912,2.0545661,10.176834,13.307993
1692849090.391019,2.0627766,10.292513,13.391104
1692849090.491317,2.0365765,10.262886,13.474004
1692849090.591497,2.0387452,10.195062,13.573162
1692849090.691384,2.0797367,10.499585,13.74368
1692849090.791779,2.0946574,10.520507,13.940949
1692849090.891311,1.9792042,10.280317,14.138139
1692849090.991684,2.0216455,10.433216,13.705011
1692849091.09106,2.1031072,10.381437,13.52324
1692849091.190936,2.0968661,10.623326,13.772952
1692849091.29116,2.1064308,10.592977,13.956424
1692849091.391326,1.9868712,10.337243,13.677704
1692849091.491149,2.0542877,10.376805,14.083239
1692849091.591412,1.9430889,10.107539,14.116049
1692849091.691111,2.05383,10.584185,13.900642
1692849091.791413,1.9929758,10.425387,14.0205965
1692849091.891051,1.9976301,10.408401,14.111284
1692849091.991044,1.941607,10.2823305,14.33425
1692849092.091002,1.9667838,10.281115,14.733881
1692849092.191559,2.1211908,10.497746,13.965973
1692849092.291075,1.9712232,10.443503,14.382014
1692849092.391142,1.9902263,10.339487,14.641341
1692849092.491108,1.9891522,10.272931,14.632235
1692849092.591092,2.0447872,10.409936,14.354684
1692849092.691013,2.043279,10.478432,14.472463
1692849092.791119,2.0111547,10.546093,14.550443
1692849092.891023,2.0050714,10.42781,14.423397
1692849092.991287,2.0315077,10.426975,14.497463
1692849093.091272,2.0230062,10.489497,14.655663
1692849093.191155,2.002338,10.308396,14.895758
1692849093.291122,1.9961567,10.281618,14.719458
1692849093.391292,2.0136938,10.391061,15.044475
1692849093.491333,2.015275,10.284238,14.8004055
1692849093.591075,1.9917253,10.325768,15.159753
1692849093.691104,2.0512636,10.538451,15.018972
1692849093.791272,2.073386,10.626578,14.820777
1692849093.891141,2.0286045,10.453252,14.802529
1692849093.991155,1.9807397,10.36871,15.112304
1692849094.091129,2.0379786,10.518884,14.863946
1692849094.191094,1.9768927,10.336029,14.967233
1692849094.291039,1.9878541,10.218362,14.768113
1692849094.39114,2.0448978,10.629954,15.394943
1692849094.491137,2.0779426,10.337098,15.379741
1692849094.591401,2.0531237,10.50038,15.533673
1692849094.723207,2.1660664,10.820211,14.722601
1692849094.823298,2.0376115,10.705721,15.169224
1692849094.923179,2.1000504,10.529304,15.5037775
1692849095.023106,2.0587957,10.242666,15.268415
1692849095.123126,2.0782115,10.393862,15.827055
1692849095.223194,2.0173416,10.236966,15.690566
1692849095.323062,2.0226316,10.4430895,15.6222725
1692849095.423031,1.9102888,10.269085,15.531307
1692849095.523131,2.035122,10.691084,15.940849
1692849095.62317,1.9724302,10.222649,15.5897045
1692849095.723876,2.0492377,10.331413,15.605816
1692849095.823326,1.9969774,10.36785,15.70819
1692849095.923145,2.001165,10.334191,15.876736
1692849096.023155,2.003561,10.396827,15.936974
1692849096.123136,1.9606535,10.26114,15.560898
1692849096.223241,1.9857358,10.370652,16.097328
1692849096.323545,1.9653963,10.483196,15.928212
1692849096.423448,2.0188658,10.316802,15.804501
1692849096.523232,1.9286201,10.264469,16.417088
1692849096.623235,1.9549932,10.314534,16.19383
1692849096.723333,1.855956,10.178134,16.312115
1692849096.823193,1.9558299,10.408341,16.364145
1692849096.923098,1.9906259,10.428629,16.165363
1692849097.023333,1.9779199,10.287465,16.296892
1692849097.123167,2.0005643,10.415047,16.390894
1692849097.223328,1.9445853,10.244167,16.432964
1692849097.324397,2.0607665,10.460855,16.313677
1692849097.423645,2.1126077,10.4460535,16.537216
1692849097.523127,1.9104793,10.33929,16.652695
1692849097.623197,2.091037,10.482699,16.611092
1692849097.723258,2.024476,10.432515,16.578615
1692849097.823591,2.0866213,10.578373,16.282763
1692849097.923258,2.0100248,10.126431,16.742985
1692849098.023189,2.0144396,10.40462,16.689653
1692849098.123149,1.9479215,10.28682,16.860117
1692849098.223211,2.0933783,10.395914,16.79741
1692849098.323112,2.0503557,10.409522,16.81604
1692849098.423305,1.9889818,10.374224,16.853762
1692849098.523087,2.0093448,10.189034,16.82561
1692849098.623503,2.046241,10.279456,16.840475
1692849098.723233,2.0111809,10.287697,16.664852
1692849098.823179,2.0991724,10.402308,17.12903
1692849098.92348,1.9292586,10.065714,17.182405
1692849099.023124,1.6733416,8.767299,17.686777
1692849099.123192,2.112029,10.429939,16.93228
1692849099.223287,2.0293262,10.281681,17.186663
1692849099.323359,1.9577892,10.441796,17.035585
1692849099.423384,2.0689862,10.24823,17.1536
1692849099.523247,1.8891903,10.025334,17.329508
1692849099.623178,2.0367224,10.382445,17.109417
1692849099.723146,2.0032012,10.39511,16.848324
1692849099.823155,1.9193639,10.080886,17.37685
1692849099.92326,1.9829001,10.332093,17.157255
1692849100.023147,1.9556944,10.195657,17.22986
1692849100.123171,2.0096436,10.321934,17.343843
1692849100.223469,1.9897261,10.144355,17.410618
1692849100.323219,2.0352638,10.494048,17.156183
1692849100.423241,1.8733385,10.136614,17.430683
1692849100.523185,2.0450404,10.375067,17.30599
1692849100.623218,2.0683897,10.299329,17.406221
1692849100.723125,2.0745282,10.513144,16.797026
1692849100.823472,2.0982807,10.313284,17.463207
1692849100.923152,1.9799261,10.113168,17.530502
1692849101.023471,2.0767329,10.394964,17.150108
1692849101.123306,2.0809958,10.270567,17.224092
1692849101.223178,2.0855584,10.494808,17.079136
1692849101.323193,2.0651906,10.22024,17.390882
1692849101.423109,1.8609942,10.029856,17.376333
1692849101.523349,1.9921905,10.053338,17.25775
1692849101.623089,2.0113606,10.203284,17.30039
1692849101.723312,2.1271904,10.3480015,17.321978
1692849101.823447,2.0753667,10.268174,17.510529
1692849101.923387,2.055896,9.879992,17.296045
1692849102.023232,1.9236856,9.530061,17.409714
1692849102.123188,2.1136794,10.030859,17.466421
1692849102.223106,2.055971,10.306949,16.754068
1692849102.32344,2.1870446,10.337047,17.216364
1692849102.423239,2.263865,10.356514,17.421642
1692849102.523719,2.1877658,10.469233,17.46777
1692849102.623446,2.236611,10.381728,17.063723
1692849102.723172,2.29821,10.171761,15.878986
1692849102.823444,2.2570505,10.508977,16.94268
1692849102.92328,2.1271493,10.129154,17.591007
1692849103.023166,2.0316298,9.825352,17.228691
1692849103.12319,2.0982304,10.565873,17.090815
1692849103.22311,1.9243357,9.516371,17.614546
1692849103.323078,2.0482235,9.955025,16.86049
1692849103.423511,2.005612,9.983897,17.357538
1692849103.523193,2.0671294,10.081832,17.229282
1692849103.623238,1.9623196,9.74448,17.222176
1692849103.723283,1.9719307,9.720254,17.533401
1692849103.823107,1.9845142,9.501948,17.494883
1692849103.923057,2.019945,9.681489,17.404295
1692849104.023129,1.9500151,9.618964,17.379786
1692849104.123231,1.9704449,9.77525,17.077122
1692849104.223497,1.9960628,9.117831,17.311241
1692849104.323144,2.0390024,9.708993,16.599846
1692849104.423335,1.9044591,9.505488,17.34209
1692849104.5236,2.151572,9.089211,17.536703
1692849104.623691,1.8529544,9.21278,17.433504
1692849104.724137,1.94363,9.765113,17.4513
1692849104.82356,1.9226743,9.621925,16.728899
1692849104.923533,1.6862415,8.494557,17.585644
1692849105.023143,1.7088392,9.023741,17.510252
1692849105.12316,1.8275274,8.841147,17.437096
1692849105.223416,1.7033758,8.873874,17.74548
1692849105.323411,1.7974445,8.633927,17.845509
1692849105.423089,1.584257,8.330269,17.686708
1692849105.522938,1.7122637,8.734244,17.535185
1692849105.623357,1.8149436,9.290288,16.703573
1692849105.723373,2.9899232,11.198259,10.631079
1692849105.823587,1.7978745,8.908664,17.368746
1692849105.923357,1.5656811,8.104488,17.403482
1692849106.023357,1.7889837,8.437594,17.169
1692849106.123634,1.8971975,9.279816,16.918718
1692849106.223652,1.6625149,8.409093,17.579472
1692849106.32339,1.3829442,7.703541,17.350433
1692849106.423523,1.6987234,8.079662,17.75953
1692849106.523501,1.5412012,8.297656,17.516308
1692849106.623603,1.6051579,8.275745,17.463242
1692849106.723495,1.5477839,8.003831,17.554298
1692849106.823298,1.5092279,8.139731,17.388922
1692849106.923339,1.4637294,7.949679,17.636751
1692849107.023406,1.3286589,7.6368785,17.76527
1692849107.123461,1.7102532,9.082081,16.635725
1692849107.22329,1.2685826,7.379253,17.712246
1692849107.323407,1.3504409,7.6966314,17.605104
1692849107.423524,1.6715502,7.896465,17.192543
1692849107.523377,1.4842968,8.13409,17.473991
1692849107.623393,1.4585468,7.93907,17.530634
1692849107.723396,1.3679892,7.910579,17.377731
1692849107.823401,1.3719503,6.964339,17.556581
1692849107.923373,0.7652165,3.1939335,17.41893
1692849108.023435,1.3528867,7.111392,17.785921
1692849108.123426,1.3054051,7.10905,17.86898
1692849108.223573,1.2504148,7.000276,17.652191
1692849108.323529,1.316474,7.180123,17.803307
1692849108.423297,1.4679152,7.89325,16.681812
1692849108.523325,1.0983509,7.009401,17.461544
1692849108.623346,1.0812179,7.262855,17.476507
1692849108.723342,1.3033583,7.4892898,15.963546
1692849108.823599,1.3221565,6.676495,17.445602
1692849108.923647,1.2078173,6.6373167,17.77868
1692849109.023553,1.2474161,6.704018,17.758825
1692849109.123382,1.2033243,6.8305774,17.881372
1692849109.223393,1.3595543,6.9043655,17.453697
1692849109.323346,1.2054603,6.3320146,18.037783
1692849109.42356,1.3421724,7.605983,16.875725
1692849109.523502,1.1220669,6.714447,17.711243
1692849109.623404,1.0473601,5.8882904,18.121046
1692849109.725616,1.1714092,6.1916227,17.81676
1692849109.823541,1.2986646,7.229984,17.43056
1692849109.923418,1.1946551,5.367975,17.355532
1692849110.023408,1.1488792,6.328089,17.888958
1692849110.123717,1.0283468,5.781592,17.66118
1692849110.223755,1.1603653,6.163181,17.532597
1692849110.323399,1.0750932,5.6351132,18.114677
1692849110.423341,0.9558743,4.7955813,18.18235
1692849110.523268,0.9351591,5.3092937,18.135494
1692849110.623603,1.1040382,5.5477753,17.787535
1692849110.723349,1.0403148,5.5873938,17.907064
1692849110.823433,1.0398418,5.718972,17.890314
1692849110.923411,0.80438447,4.3883595,17.96835
1692849111.023296,0.87118167,4.9181194,17.796759
1692849111.123342,1.02004,5.00101,17.658138
1692849111.223391,0.90000856,5.0961447,17.996016
1692849111.323355,0.92231464,4.8338246,17.894505
1692849111.423477,0.78964585,4.5549827,18.09525
1692849111.523287,0.8992002,4.9360857,18.158901
1692849111.623376,0.9608024,4.749393,17.775743
1692849111.723633,0.69346774,4.231601,18.165133
1692849111.823573,0.79840654,4.2320285,18.038816
1692849111.923461,0.58149266,4.1668077,17.894232
1692849112.023517,0.68094283,3.7794924,18.119648
1692849112.123346,0.4721474,3.9734583,18.023762
1692849112.223649,0.57505625,4.136619,17.76135
1692849112.32338,0.5324937,3.9862754,18.049158
1692849112.423337,0.58840966,3.827447,18.174726
1692849112.523692,0.70520747,3.954114,18.068897
1692849112.623716,0.36042923,3.0489728,18.347391
1692849112.723361,0.42668498,3.5107002,18.057102
1692849112.823648,0.4894307,3.4982386,17.976744
1692849112.923348,0.49387765,3.4790218,18.260933
1692849113.02371,0.49758267,3.4589028,18.191832
1692849113.123371,0.35105002,3.0433087,17.679388
1692849113.223324,0.6323666,3.6104264,17.691729
1692849113.323466,0.48900372,3.1240928,18.056604
1692849113.423504,0.27946922,2.4930098,18.126362
1692849113.523384,0.2843865,2.5826976,18.358036
1692849113.623476,0.30936882,2.6868162,18.211123
1692849113.723385,0.12699331,2.264802,18.28498
1692849113.823532,0.51492536,2.6341076,17.833761
1692849113.923529,0.3234195,2.3717453,18.030079
1692849114.023445,0.10509159,2.0215943,18.284332
1692849114.123388,0.14570276,2.1430295,18.150486
1692849114.223528,0.06190158,1.8692639,18.27169
1692849114.323543,0.061819766,2.1809273,18.378077
1692849114.423546,0.07140359,1.6520797,18.275486
1692849114.523508,-0.0594447,1.3943384,18.365053
1692849114.623417,-0.08119069,1.4401876,18.292273
1692849114.723406,-0.037925173,1.3527699,18.360218
1692849114.823411,-0.028276969,1.429558,18.512915
1692849114.923468,-0.065259874,1.4498714,18.246126
1692849115.023375,-0.15496463,1.2165614,18.411455
1692849115.123388,-0.26751366,0.79037577,18.348883
1692849115.223442,-0.21310319,1.1136472,18.458399
1692849115.323353,-0.28331938,0.6991909,18.276346
1692849115.423657,-0.23782095,0.8318987,18.463533
1692849115.523452,-0.36824715,0.39778233,18.470037
1692849115.623302,-0.5135437,0.11171603,18.375273
1692849115.723435,-0.35671255,0.41745508,18.350962
1692849115.823415,-0.46408814,0.18464592,18.438612
1692849115.923379,-0.42871112,0.05747059,18.633835
1692849116.023411,-0.5952176,-0.011870297,18.495895
1692849116.123374,-0.48004392,-0.34343782,18.409746
1692849116.223817,-0.34877583,-0.033071727,18.431837
1692849116.323271,-0.46331382,-0.2182195,18.572668
1692849116.423302,-0.6818597,-0.6824866,18.451488
1692849116.523393,-0.6042268,-0.4875655,18.589619
1692849116.623354,0.8836453,2.916108,16.308748
1692849116.723337,-0.6568895,-0.8870619,18.574314
1692849116.823386,-0.26213762,0.39542457,18.413342
1692849116.924397,-0.6009004,-0.5277602,18.427843
1692849117.023588,0.06325738,-0.045259744,18.452381
1692849117.123478,-0.2384353,-0.09364073,18.109226
1692849117.22336,-0.91207683,-1.7630222,18.893494
1692849117.323384,0.62757266,0.50826377,15.336937
1692849117.42329,-0.69096535,-0.8524863,18.495447
1692849117.523307,-0.7310079,-1.3340441,18.437859
1692849117.623366,-0.70262444,-1.5638196,18.518507
1692849117.723366,-0.5638996,-0.85501266,18.535824
1692849117.82364,-0.6768653,-1.3044504,18.488087
1692849117.923614,-0.6280444,-1.4167563,18.56129
1692849118.023281,-0.6303419,-1.3412598,18.48983
1692849118.123337,-0.64495975,-1.232057,18.421509
1692849118.223431,-0.60457796,-1.1020579,18.450754
1692849118.323374,-0.6051867,-1.3661234,18.524942
1692849118.423466,-0.7087369,-1.3579502,18.404442
1692849118.52341,-0.6566175,-1.3494514,18.513187
1692849118.623504,-0.4216177,-0.7361928,18.24816
1692849118.72335,-0.56408846,-1.2494327,18.350023
1692849118.823264,-0.6097352,-1.4236368,18.504871
1692849118.923252,-0.615994,-1.072236,18.400387
1692849119.023371,-0.8654767,-1.4834986,18.244482
1692849119.12334,-0.5163078,-1.1254956,18.374813
1692849119.223453,-0.63310075,-1.2123083,18.41132
1692849119.323315,-0.68316936,-1.2052546,18.484253
1692849119.423558,-0.73213667,-1.405907,18.598246
1692849119.523369,-0.68189573,-1.3768145,18.449633
1692849119.623286,-0.7320199,-1.5584302,18.47326
1692849119.72387,-0.6654002,-1.2416805,18.38339
1692849119.823356,-0.6427185,-1.1501864,18.27405
1692849119.923905,-0.78014255,-1.6523637,18.353575
1692849120.023636,-0.7735291,-1.4446441,18.562494
1692849120.123631,-0.35826832,-0.35490894,18.457987
1692849120.223977,-0.6221714,-1.2763053,18.36558
1692849120.32407,-0.8012775,-1.7945348,18.563736
1692849120.423633,-0.56643003,-1.0266222,18.389212
1692849120.523479,-0.7273567,-1.6887927,18.403465
1692849120.623654,-0.5282258,-1.1341753,18.522585
1692849120.723688,-0.694423,-1.6396179,18.37561
1692849120.823372,-0.6556426,-1.4344999,18.450373
1692849120.92333,-0.61766493,-0.977401,18.411055
1692849121.025778,-0.66408724,-1.43647,18.5156
1692849121.123265,-0.71283895,-1.2732909,18.478796
1692849121.223293,-0.6146564,-1.0762285,18.369394
1692849121.323358,-0.64245176,-1.1298479,18.494976
1692849121.42333,-0.75311,-1.4156483,18.41971
1692849121.523371,-0.7416616,-1.5230347,18.43136
1692849121.623259,-0.6647173,-1.2121049,18.406282
1692849121.72332,-0.6437055,-1.2338254,18.443905
1692849121.823338,-0.5675823,-1.0864393,18.395779
1692849121.923361,-0.690608,-1.2556612,18.248432
1692849122.023349,-0.6630306,-1.6597693,18.19579
1692849122.123412,-0.68708265,-1.3160995,18.320705
1692849122.223928,-0.7653769,-1.0922318,18.413887
1692849122.323394,-0.75282043,-1.4569873,18.228178
1692849122.4234,-0.67948306,-1.2769006,18.360712
1692849122.523517,-0.7213164,-1.3191215,18.28392
1692849122.623568,-0.71891755,-1.2162768,18.335691
1692849122.723557,-0.68953145,-1.0709928,18.295446
1692849122.823386,-0.6927763,-1.2794309,18.370407
1692849122.923386,-0.74904996,-1.2394639,18.371426
1692849123.02332,-0.7195293,-1.4318417,18.300585
1692849123.123251,-0.6404294,-1.2165729,18.267942
1692849123.223336,-0.6907701,-1.3114175,18.304323
1692849123.323464,-0.7643427,-1.4740101,18.29685
1692849123.423778,-0.73869777,-1.2512578,18.277426
1692849123.523352,-0.7727774,-1.4091847,18.268656
1692849123.623363,-0.7455623,-1.589571,18.300144
1692849123.723315,-0.7095402,-1.3142475,18.344774
1692849123.823465,-0.64756095,-1.3044585,18.344707
1692849123.923404,-0.70985544,-1.5089014,18.31714
1692849124.02338,-0.69982904,-1.3102334,18.229467
1692849124.124204,-0.6446137,-1.2568654,18.223837
1692849124.223465,-0.5823441,-1.1434969,18.225784
1692849124.323313,-0.6686138,-1.2950686,18.231499
1692849124.423322,-0.66885847,-1.460432,18.276613
1692849124.523293,-0.6925778,-1.3867804,18.226067
1692849124.623404,-0.6566547,-1.368384,18.2469
1692849124.723389,-0.6720683,-1.1444185,18.283646
1692849124.823378,-0.692519,-1.3160312,18.304228
1692849124.923278,-0.66910636,-1.4270142,18.278522
1692849125.023685,-0.7292583,-1.4752901,18.228796
1692849125.123884,-0.6976682,-1.4791708,18.265913
1692849125.223264,-0.67013025,-1.1811765,18.162687
1692849125.323293,-0.60850847,-1.0362453,18.199942
1692849125.423314,-0.67222065,-1.2796395,18.34918
1692849125.523299,-0.5584353,-1.132724,18.303488
1692849125.623371,-0.6620041,-1.1112504,18.19902
1692849125.72334,-0.7322841,-1.4370877,18.230473
1692849125.823503,-0.74154896,-1.3398921,18.240149
1692849125.923453,-0.7630203,-1.312783,18.291946
1692849126.023321,-0.649584,-1.125635,18.123426
1692849126.123435,-0.8075647,-1.5748626,18.24938
1692849126.223438,-0.70833373,-1.2466601,18.34307
1692849126.323358,-0.7562439,-1.418622,18.279785
1692849126.423284,-0.692776,-1.3231562,18.296047
1692849126.523502,-0.69730425,-1.3368865,18.111172
1692849126.623549,-0.68124795,-1.4109112,18.170095
1692849126.723339,-0.71320665,-1.2702192,18.229359
1692849126.823298,-0.69580686,-1.2377051,18.199354
1692849126.92359,-0.8112396,-1.4888754,18.293776
1692849127.023369,-0.77585894,-1.5875937,18.191614
1692849127.123329,-0.6806285,-1.2448322,18.2419
1692849127.223394,-0.5986558,-0.7602386,17.968811
1692849127.323342,-0.7537396,-1.256753,18.183165
1692849127.42406,-0.6926969,-1.296091,18.235905
1692849127.523757,-0.54918003,-0.87133545,18.213898
1692849127.623644,-0.87282205,-1.7672602,18.31299
1692849127.723284,-0.6874145,-1.4577099,18.235445
1692849127.823417,-0.71429896,-1.1496333,18.240395
1692849127.923293,-0.69936746,-1.4440598,18.298548
1692849128.023371,-0.7342432,-1.3625408,18.293297
1692849128.123738,-0.6770257,-0.9936748,18.407557
1692849128.223782,-0.6957216,-1.2864095,18.116827
1692849128.323304,-0.6798297,-1.3351569,18.242384
1692849128.423448,-0.7767417,-1.588406,18.318895
1692849128.523268,-0.70958006,-1.2233435,18.173607
1692849128.626625,-0.71494246,-1.274987,18.227934
1692849128.7275,-0.6696825,-1.1934271,18.402391
1692849128.82726,-0.68811804,-1.1497554,18.195372
1692849128.92762,-0.66103584,-1.2694203,18.160673
1692849129.023608,-0.7448787,-1.3930498,18.255754
1692849129.123226,-0.6788883,-1.2045157,18.264908
1692849129.222883,-0.75303084,-1.1774678,18.183722
1692849129.323505,-0.80594057,-1.5269789,18.237839
1692849129.422905,-0.7078155,-1.0872872,18.2261
1692849129.522991,-0.7498744,-1.4425448,18.334425
1692849129.622863,-0.76124704,-1.3654034,18.281406
1692849129.722938,-0.7775132,-1.5462506,18.27272
1692849129.823302,-0.74512,-1.4494585,18.170969
1692849129.922906,-0.69011223,-1.5599798,18.282454
1692849130.023128,-0.91930366,-2.0177257,18.98111
1692849130.123055,-0.78258073,-1.559077,18.28136
1692849130.223029,-0.81815493,-2.2253485,18.620565
1692849130.323132,-0.29161087,-0.59497285,16.570095
1692849130.422956,-0.6122059,-0.6179781,18.141085
1692849130.5231,-0.76898384,-1.7389616,18.24487
1692849130.623108,-1.1032331,-2.5215323,18.194845
1692849130.722924,-0.9740465,-2.2366545,18.341692
1692849130.823165,-1.0067816,-2.1808357,18.332895
1692849130.923149,-0.86124885,-1.6531551,18.330547
1692849131.023186,-0.84543747,-2.274523,18.279133
1692849131.123301,-1.1129926,-2.5211713,18.36846
1692849131.222853,-1.2231588,-3.0592086,18.551409
1692849131.322895,-1.4340848,-3.2307098,18.410776
1692849131.423625,-1.2582841,-2.3582768,18.612537
1692849131.52312,-0.93263596,-2.5396798,18.247513
1692849131.623237,-1.3013302,-3.2942529,18.515947
1692849131.723172,-1.0812857,-2.695178,18.15099
1692849131.823122,-1.1977938,-3.0746238,18.52693
1692849131.923083,-1.1908575,-2.9094284,18.526724
1692849132.02315,-1.107778,-2.4967353,18.2507
1692849132.123215,-1.0880681,-2.718454,18.356043
1692849132.223369,-1.1446391,-2.886761,18.191385
1692849132.323125,-1.1224179,-3.0459268,18.52174
1692849132.423213,-1.1991476,-2.8419132,18.289967
1692849132.523289,-1.030383,-2.3503258,18.283848
1692849132.623052,-1.164097,-3.0336108,18.26446
1692849132.723202,-1.1257672,-3.0234075,18.464458
1692849132.823406,-1.0923039,-2.56732,18.44162
1692849132.923028,-1.1199335,-2.8056602,18.305122
1692849133.023518,-1.030438,-2.8042026,18.365084
1692849133.123259,-1.1690805,-2.9340298,18.654724
1692849133.223119,-1.120864,-2.526035,18.271387
1692849133.323102,-1.1250768,-2.5117087,18.40472
1692849133.423268,-1.1222712,-2.9596667,18.379879
1692849133.523706,-1.1967475,-3.2303889,18.38028
1692849133.623161,-1.1777503,-3.1394632,18.41684
1692849133.723384,-1.1148287,-2.7103734,18.404245
1692849133.823302,-1.2356133,-3.2583473,18.227907
1692849133.923204,-1.3585972,-3.9844325,18.444077
1692849134.023234,-1.4580882,-3.8599603,18.47919
1692849134.123365,-1.4188044,-3.3920107,18.615534
1692849134.223094,-1.441917,-4.0760784,18.34933
1692849134.323073,-1.5306494,-4.2627273,18.45444
1692849134.428471,-1.6523569,-4.6912932,18.519438
1692849134.528971,-1.80994,-4.691329,18.700083
1692849134.628178,-1.5984994,-4.5063963,18.54625
1692849134.728281,-1.578904,-4.77103,18.405153
1692849134.828265,-1.5838674,-4.130172,18.310524
1692849134.923321,-0.6039249,-3.1286924,16.241144
1692849135.023309,-1.5498998,-4.3352313,18.543373
1692849135.123346,-1.6323951,-4.6155915,18.500376
1692849135.223468,-1.710702,-5.0401816,18.412731
1692849135.32337,-1.48894,-4.293335,18.45978
1692849135.423417,-1.7214034,-4.7779098,18.421978
1692849135.523419,-1.5475023,-4.4709554,18.354239
1692849135.623415,-1.6226571,-4.721994,18.368176
1692849135.723458,-1.5892496,-4.6266537,18.36867
1692849135.823491,-1.4487699,-4.2689905,18.363829
1692849135.923566,-1.564633,-4.8849177,18.36702
1692849136.023504,-1.6919887,-4.929304,18.426853
1692849136.123534,-1.5427479,-4.566354,18.392246
1692849136.223531,-1.5123343,-4.285155,18.392159
1692849136.32334,-1.5054188,-4.6359406,18.493643
1692849136.423408,-1.4141092,-4.403009,18.402254
1692849136.523544,-1.4503436,-4.1642265,18.447742
1692849136.623403,-1.4563735,-4.363139,18.362148
1692849136.723596,-1.4158391,-4.4398723,18.41091
1692849136.82359,-1.4007084,-4.2189116,18.355577
1692849136.923434,-1.5127027,-4.394519,18.326563
1692849137.023365,-1.3159182,-4.302444,18.184698
1692849137.123259,-1.338541,-4.0863433,18.167387
1692849137.223299,-1.3938645,-4.3718424,18.387552
1692849137.323399,-1.2543293,-3.967022,18.35926
1692849137.423489,-1.4455144,-4.272019,18.231693
1692849137.523386,-1.3260444,-3.9312162,18.339893
1692849137.623446,-1.2704115,-3.78733,18.330444
1692849137.723637,-1.3244038,-3.9460363,18.30021
1692849137.823579,-1.2233627,-3.7534454,18.352835
1692849137.923593,-1.2653795,-3.549941,18.329306
1692849138.023656,-1.2053199,-3.6266086,18.257818
1692849138.123544,-1.198788,-3.6355681,18.22906
1692849138.223641,-1.2555743,-3.4078472,18.353508
1692849138.323619,-1.1860888,-3.6966307,18.408318
1692849138.423576,-1.2828271,-3.4542172,18.31607
1692849138.523771,-1.1843358,-3.270101,18.289804
1692849138.623481,-1.0946207,-3.2984068,18.301718
1692849138.72333,-1.2215433,-3.3822503,18.314116
1692849138.823624,-1.2235787,-3.1038525,18.32939
1692849138.923584,-1.2133366,-3.3896604,18.303465
1692849139.023365,-1.0423086,-3.3046257,18.42343
1692849139.123339,-1.1811615,-3.3435745,18.45197
1692849139.223291,-1.1123435,-3.2454143,18.222034
1692849139.323357,-1.1880364,-3.2882326,18.267252
1692849139.423434,-1.0398682,-2.7267277,18.257807
1692849139.523363,-1.1758862,-3.409861,18.325129
1692849139.623312,-1.229715,-3.4134269,18.348448
1692849139.7233,-1.1482778,-3.0381737,18.24738
1692849139.823311,-0.7557799,-2.223503,18.246973
1692849139.92357,-1.1569384,-3.414064,18.432613
1692849140.024045,-1.1172571,-3.4130754,18.224035
1692849140.123601,-1.1737492,-3.0771978,18.169134
1692849140.223836,-0.99572563,-3.4159796,18.509094
1692849140.323427,-0.9793717,-3.249589,18.3624
1692849140.423483,-1.0560672,-3.7538922,18.2659
1692849140.523369,-0.7620264,-3.3601854,18.429007
1692849140.62351,-0.97468936,-3.7453842,18.254856
1692849140.723695,-0.7942782,-3.5757532,18.620277
1692849140.823746,-0.73959386,-3.2709682,18.290087
1692849140.92345,-0.6087253,-3.2658544,17.899668
1692849141.023576,-0.7610495,-3.5276687,18.336237
1692849141.123335,-0.6302291,-3.488151,18.38473
1692849141.223429,-0.53358334,-3.1155658,18.411495
1692849141.323616,-0.49825478,-3.150094,18.341528
1692849141.423275,-0.7028561,-3.2970989,18.411327
1692849141.523591,-0.4755178,-3.404611,18.318758
1692849141.623819,-0.336842,-2.9067783,18.5778
1692849141.72357,-0.52835006,-3.5656486,18.295156
1692849141.823792,-0.3491361,-3.5461109,18.26727
1692849141.923278,-0.27990398,-3.5159636,18.2576
1692849142.023362,-0.2251983,-3.3826687,18.371653
1692849142.12327,-0.19208112,-3.6141975,18.365602
1692849142.22327,-0.15077779,-3.7056653,18.29908
1692849142.323256,-0.13244158,-3.3628302,18.38811
1692849142.423467,-0.2001155,-3.67435,18.254324
1692849142.523327,-0.21470629,-3.6247249,18.31315
1692849142.623267,-0.2002658,-3.7588458,18.33932
1692849142.722671,-0.18901208,-3.0622146,18.259665
1692849142.823018,-0.11932795,-3.608619,18.243628
1692849142.923173,-0.079680204,-3.5419533,18.319757
1692849143.023026,-0.1853649,-3.5454266,18.215927
1692849143.12313,-0.2617815,-3.5121822,18.415054
1692849143.223512,-0.1921124,-3.704809,18.374428
1692849143.323366,-0.033807937,-3.2372935,18.342157
1692849143.423461,-0.298306,-3.6886308,18.309566
1692849143.523151,-0.27103037,-3.409201,18.188475
1692849143.623253,-0.28676373,-3.5073037,18.279453
1692849143.72322,-0.3530934,-3.5165458,18.323627
1692849143.823222,-0.36875635,-3.3677487,18.311684
1692849143.923147,-0.367479,-3.444768,18.285187
1692849144.023272,-0.46760294,-3.5865426,18.363302
1692849144.12325,-0.56047356,-3.5881155,18.379591
1692849144.223538,-0.5218785,-3.486083,18.338587
1692849144.32358,-0.57642984,-3.5614507,18.273937
1692849144.423243,-0.6309464,-3.395197,18.371244
1692849144.523245,-0.6997314,-3.5059383,18.324406
1692849144.622943,-0.72882473,-3.213294,18.273575
1692849144.72306,-0.7528914,-3.386677,18.385239
1692849144.822973,-0.9017549,-3.3840067,18.379091
1692849144.922979,-0.79850334,-3.1349213,18.3855
1692849145.023351,-0.86311024,-3.4033628,18.359806
1692849145.123133,-0.8318536,-3.132652,18.247221
1692849145.225628,-0.9064212,-3.4172513,18.215479
1692849145.323149,-1.0062115,-3.4116788,18.272772
1692849145.423036,-0.975064,-3.444388,18.301699
1692849145.523102,-0.9753816,-3.5034254,18.407274
1692849145.623065,-0.9573761,-3.3330305,18.225689
1692849145.723394,-0.7870171,-3.3982873,18.31473
1692849145.823465,-0.9702216,-3.3590117,18.304153
1692849145.923205,-1.0956305,-3.502791,18.207956
1692849146.023216,-0.84617245,-3.2711382,18.38845
1692849146.123078,-0.7112841,-3.1250832,18.322578
1692849146.223001,-0.6957391,-3.458293,18.377108
1692849146.32314,-0.89063656,-3.501489,18.36226
1692849146.423049,-0.45396182,-3.2105763,18.314325
1692849146.523188,-0.7059897,-3.4332533,18.366499
1692849146.623643,-0.6558588,-3.6578994,18.401646
1692849146.723079,-0.6795834,-3.5657318,18.281567
1692849146.82325,-0.5190352,-3.4588845,18.31309
1692849146.923112,-0.57036597,-3.6822054,18.326344
1692849147.023059,-0.47332522,-3.4694057,18.411905
1692849147.123136,-0.5524723,-3.6927814,18.234264
1692849147.223256,-0.5863987,-3.6884675,18.313745
1692849147.323013,-0.48564553,-3.721382,18.28224
1692849147.423383,-0.19038662,-2.4799857,18.17719
1692849147.5232,-0.46465367,-3.857,18.504704
1692849147.623027,-0.251019,-3.3356059,18.552828
1692849147.722988,-0.17987758,-3.0574546,18.221037
1692849147.823141,-0.31583935,-3.6395988,18.440788
1692849147.923289,-0.12108135,-2.9005468,18.46283
1692849148.02325,-0.21022087,-3.6109328,18.164858
1692849148.123301,-0.3039059,-3.76,18.315512
1692849148.223238,-0.1953646,-3.6404107,18.304047
1692849148.323063,-0.28280935,-3.6854544,18.315214
1692849148.423165,-0.2816106,-3.8481557,18.386898
1692849148.523293,-0.29245776,-3.8602583,18.422413
1692849148.623158,-0.25712836,-3.6321182,18.330835
1692849148.723313,-0.305712,-3.8116028,18.327303
1692849148.823124,-0.3414225,-3.829683,18.328573
1692849148.923063,-0.52704275,-3.6313896,18.33301
1692849149.02339,-0.3758809,-3.8957334,18.424799
1692849149.123254,-0.32807466,-3.7330477,18.199978
1692849149.223103,-0.26889473,-3.8387759,18.252699
1692849149.323434,-0.32983994,-3.733647,18.287958
1692849149.423272,-0.48278213,-3.7893848,18.132418
1692849149.523034,-0.2962777,-3.745213,18.351707
1692849149.623187,-0.37524995,-3.79857,18.30907
1692849149.723164,-0.35167152,-3.7665668,18.021631
1692849149.823253,-0.37518388,-3.8485792,18.20861
1692849149.923136,1.0660834,2.8359256,18.102541
1692849150.023285,-0.29228157,-3.789594,18.334589
1692849150.123128,-0.29131582,-3.951636,18.338835
1692849150.223116,-0.32951072,-3.869857,18.366762
1692849150.323125,-0.17107618,-3.510144,18.394793
1692849150.423055,-0.24483779,-3.2945535,18.420631
1692849150.523327,-0.28196335,-3.5857036,18.416853
1692849150.623592,-0.46683678,-3.775501,18.284582
1692849150.723299,-0.19913489,-3.388421,18.248602
1692849150.823176,-0.44176984,-3.810009,18.377636
1692849150.923164,-0.26247013,-3.8781507,18.242882
1692849151.0231,-0.29523575,-3.86438,18.401253
1692849151.125697,-0.38800102,-3.5297174,18.266584
1692849151.223105,-0.2900104,-3.8991761,18.389902
1692849151.323047,-0.3949446,-3.8914714,18.360811
1692849151.423198,-0.30023125,-3.6656072,18.376448
1692849151.52337,-0.22744115,-3.7127793,18.31595
1692849151.623155,-0.23072337,-3.6315045,18.294022
1692849151.723094,-0.23287731,-3.6639297,18.326899
1692849151.823059,-0.4057174,-3.460056,18.350878
1692849151.923111,-0.20317562,-3.7590597,18.580751
1692849152.023304,-0.4436471,-3.8910067,18.441257
1692849152.123314,0.008127462,-3.5494747,18.365028
1692849152.22578,0.032574292,-3.1539695,18.129717
1692849152.32327,-0.19912061,-3.3906763,18.254395
1692849152.423129,-0.13825238,-3.7352808,18.275774
1692849152.52313,-0.19621575,-3.808488,18.280989
1692849152.623124,-0.13803855,-3.7308934,18.415499
1692849152.723079,-0.17402142,-3.7306201,18.3119
1692849152.823154,-0.29778832,-3.8469374,18.439888
1692849152.923381,-0.39027354,-4.1837087,18.21138
1692849153.023432,-0.315223,-4.003153,18.434305
1692849153.123193,0.046083007,-3.5557258,18.188889
1692849153.223243,-0.10227947,-3.6791127,18.370136
1692849153.32313,-0.025735516,-3.6176503,18.255268
1692849153.4231,-0.15381789,-3.8999054,18.349066
1692849153.523065,-0.11941886,-3.981705,18.597242
1692849153.623071,-0.14041893,-3.492424,18.358969
1692849153.723128,-0.16358575,-3.9394665,18.263931
1692849153.82341,-0.085608184,-3.8470056,18.34206
1692849153.922875,-0.09070708,-3.8129032,18.30573
1692849154.023223,-0.21466912,-3.7204425,18.304148
1692849154.123119,-0.14452569,-3.6007752,18.325838
1692849154.22348,-0.14688444,-3.6842856,18.317389
1692849154.323086,-0.20039758,-3.75118,18.234821
1692849154.423331,-0.27412337,-3.7078133,18.294992
1692849154.523151,-0.1021481,-3.2501388,18.362734
1692849154.623485,-0.10906482,-3.654295,18.29524
1692849154.723191,-0.11153868,-3.9013445,18.231747
1692849154.823216,-0.024468902,-3.3819547,18.111036
1692849154.92307,-0.05512241,-3.2889647,18.070349
1692849155.023306,-0.22917452,-3.9964626,18.230581
1692849155.123085,0.007246349,-1.7060257,18.67622
1692849155.22303,-0.17740805,-3.753445,18.211016
1692849155.323062,-0.13902485,-3.6104798,18.409166
1692849155.423709,-0.2797163,-4.2789,18.299688
1692849155.523165,-0.13946797,-3.5291514,18.241367
1692849155.623291,-0.3119524,-3.9001029,18.311619
1692849155.72319,-0.23299646,-3.6992161,18.409971
1692849155.823178,-0.23512569,-3.852151,18.303652
1692849155.923199,-0.23766494,-4.0064454,18.308992
1692849156.023196,-0.24281383,-3.7580326,18.34187
1692849156.123187,-0.3077056,-3.7877705,18.409742
1692849156.223498,-0.28357762,-3.8912477,18.289145
1692849156.323256,-0.20543161,-3.7324774,18.29631
1692849156.423235,-0.15545681,-2.880951,18.431787
1692849156.523186,-0.4263245,-3.8971171,18.396254
1692849156.623284,-0.35621914,-3.9524844,18.51072
1692849156.723238,-0.38332462,-4.024583,18.18459
1692849156.823217,-0.27125546,-3.919894,18.358116
1692849156.92331,-0.2938068,-3.841918,18.129286
1692849157.02341,-0.3366212,-3.9670136,18.238972
1692849157.123236,-0.36073947,-4.1162295,18.187653
1692849157.223211,-0.30857113,-3.8574967,18.214045
1692849157.323077,-0.3261039,-4.096264,18.230762
1692849157.423276,-0.40802902,-4.198205,18.18432
1692849157.523397,-0.29750487,-3.7136185,18.149456
1692849157.623255,-0.20889187,-3.7203448,18.303246
1692849157.723299,-0.23734322,-4.4614305,18.279741
1692849157.82343,-0.29658756,-4.224033,18.321878
1692849157.923418,-0.23404127,-3.6111732,18.142656
1692849158.023495,-0.32955533,-3.9594467,18.16654
1692849158.123389,-0.33375221,-3.9115462,18.118013
1692849158.223061,-0.30404818,-4.0257955,18.245739
1692849158.322985,-0.28984663,-3.9029667,18.194696
1692849158.42302,-0.21824303,-3.6920965,18.300442
1692849158.523455,-0.3226408,-3.918767,17.98508
1692849158.623354,-0.393829,-4.1582484,18.035097
1692849158.723172,-0.27814633,-3.9070516,18.107523
1692849158.823166,-0.27933243,-3.86827,18.050558
1692849158.923226,-0.21578056,-3.450031,18.275314
1692849159.023293,-0.32166788,-3.9667513,18.160303
1692849159.123317,-0.35168394,-3.754956,18.164928
1692849159.223147,-0.2266797,-3.7431016,17.954763
1692849159.323412,-0.3512221,-4.0145693,18.34161
1692849159.423516,-0.10626647,-3.8423095,18.243246
1692849159.523206,-0.13890296,-3.6333284,18.187046
1692849159.623218,-0.3077431,-3.856475,17.976097
1692849159.72312,-0.38660875,-4.1675982,18.27003
1692849159.823199,-0.3118511,-4.002567,18.075527
1692849159.923376,-0.36811367,-3.8673108,18.063383
1692849160.02315,-0.40947422,-3.9507325,17.961554
1692849160.12307,-0.34537315,-3.7978582,18.180206
1692849160.223417,-0.3673587,-3.9589777,18.13629
1692849160.323166,-0.3898123,-3.7620533,18.089819
1692849160.423401,-0.3340525,-3.716396,17.990463
1692849160.523361,-0.31310195,-3.6391327,18.088587
1692849160.623133,-0.3804102,-3.9740908,18.074661
1692849160.723139,-0.3332181,-3.9141698,18.013435
1692849160.823195,-0.34280184,-3.8017576,18.08166
1692849160.923261,-0.28153962,-3.9765987,17.974392
1692849161.02331,-0.2723472,-3.8633335,18.03184
1692849161.123205,-0.2810152,-3.9578383,18.053488
1692849161.223163,-0.34320033,-3.9038844,18.110023
1692849161.323151,-0.2564167,-3.9088266,18.191141
1692849161.423133,-0.3450496,-3.9049127,17.866102
1692849161.523145,-0.3030501,-3.7757573,17.978285
1692849161.623047,-0.29994708,-3.8835993,18.220415
1692849161.723313,-0.22880648,-3.571223,17.97838
1692849161.823382,-0.27855873,-3.905367,18.048494
1692849161.923164,-0.27239206,-3.858018,18.019363
1692849162.023174,-0.27306455,-3.9151409,17.942171
1692849162.126697,-0.31133187,-3.968998,17.968552
1692849162.259356,-0.23976055,-3.693785,17.911657
1692849162.358948,-0.29083025,-3.8270772,18.020134
1692849162.458998,-0.050765846,-3.73929,18.340769
1692849162.559327,-0.21332029,-3.7171009,17.91802
1692849162.659239,-0.118873835,-3.2929885,17.84892
1692849162.759108,-0.23151532,-3.5991137,17.877718
1692849162.858977,-0.20306405,-3.7430484,17.99455
1692849162.959031,-0.12088874,-3.6173701,17.796549
1692849163.059128,-0.04579862,-3.2182891,17.732227
1692849163.159179,-0.10968009,-3.3433175,17.649267
1692849163.259061,-0.046635892,-3.362018,17.675472
1692849163.359645,-0.08194725,-3.2076848,17.539566
1692849163.459186,-0.016890753,-3.2438176,17.76341
1692849163.55907,0.0052831285,-3.224404,17.504307
1692849163.659071,-0.07073218,-3.165996,17.904564
1692849163.759165,-0.017897118,-3.2167182,17.813948
1692849163.8591,0.4415728,-1.8197523,17.202993
1692849163.958968,0.11477858,-2.7049656,17.283611
1692849164.058985,0.24967828,-2.306449,17.471306
1692849164.161749,0.2388268,-2.5465636,17.489573
1692849164.2593,0.308349,-2.1758084,17.048494
1692849164.359113,0.3695911,-1.8792286,16.91079
1692849164.459248,0.42828012,-1.5403973,16.687258
1692849164.559116,0.20522028,-2.275744,16.557434
1692849164.659218,0.48272654,-1.8574898,16.49283
1692849164.759012,0.50943303,-1.4317173,16.730614
1692849164.859011,0.5506793,-1.5005748,16.553495
1692849164.95902,0.6372353,-1.5247694,16.488028
1692849165.059101,0.7675013,-1.1972028,16.77204
1692849165.159197,0.885945,-0.42054436,15.142483
1692849165.259165,0.7733201,-0.929359,15.964325
1692849165.359012,0.67416084,-1.6644917,16.570616
1692849165.458838,0.96594256,-0.60925716,15.941752
1692849165.558887,0.8894734,-0.92132133,16.21454
1692849165.658836,0.95403534,-0.5080299,15.249464
1692849165.759051,0.93608505,-0.6264877,15.445413
1692849165.858982,1.0992191,-0.7175386,15.734923
1692849165.959051,0.9938863,-0.42473212,15.525834
1692849166.059135,1.0664141,-0.35963488,15.352951
1692849166.158872,1.1348389,-0.14851515,15.510356
1692849166.259217,1.2931801,0.035680726,15.279847
1692849166.358964,1.2132514,-0.043926045,15.423466
1692849166.458985,1.211787,-0.019763129,15.106133
1692849166.559096,1.3423008,0.29405,15.074221
1692849166.65939,1.4144733,0.52123374,14.917436
1692849166.759387,1.4076782,0.4346409,14.52532
1692849166.859078,1.4959598,0.4937819,14.971704
1692849166.959137,1.5318754,0.8554992,14.875791
1692849167.058995,1.5471163,0.65248144,14.616829
1692849167.158841,1.5647856,0.81275874,14.745322
1692849167.258949,1.6701549,0.8157523,14.708045
1692849167.359361,1.7132844,0.95899236,14.862299
1692849167.459069,1.6891878,1.100719,14.259653
1692849167.559078,1.7102715,1.0773679,14.519493
1692849167.659079,1.738347,1.1578674,14.398842
1692849167.758953,1.8187509,1.5423176,14.202357
1692849167.859159,1.8719034,1.3369738,13.97664
1692849167.959,1.8607963,1.7193199,14.099754
1692849168.059001,1.8985901,1.7061456,13.775799
1692849168.159174,2.0079207,1.917941,13.54235
1692849168.258977,2.0546463,2.0267549,13.602248
1692849168.359139,2.0448835,2.2921584,13.326732
1692849168.459444,2.123813,2.1775093,13.492923
1692849168.559197,2.1000988,2.2409573,13.297335
1692849168.659329,2.156212,2.144647,13.465112
1692849168.759328,2.46193,2.7915866,13.88315
1692849168.859408,2.446607,2.8638241,12.919185
1692849168.959397,2.3162973,2.5010445,12.986358
1692849169.059095,2.4146411,3.2544775,13.047379
1692849169.159027,2.527951,3.0278769,12.957919
1692849169.25899,2.602989,3.1698692,12.928526
1692849169.359054,2.5221283,2.890515,13.614922
1692849169.45923,2.3491855,3.2529328,12.866608
1692849169.558947,2.6669614,4.0425477,11.923814
1692849169.658863,2.5521698,3.0910304,12.959275
1692849169.759369,2.5264022,3.7070644,12.357613
1692849169.859066,2.6514056,3.5877903,12.866364
1692849169.959167,2.5667386,3.677028,12.173126
1692849170.059083,2.7759726,3.6175506,12.520487
1692849170.159063,2.6294212,3.882933,12.204069
1692849170.258939,2.6774511,4.0863147,11.605061
1692849170.359367,2.4492538,4.0420837,12.005443
1692849170.459705,2.691946,4.4065866,11.582662
1692849170.559498,2.910098,4.270695,12.349674
1692849170.659262,2.632114,4.646957,10.546484
1692849170.759245,2.0900347,2.710046,11.392702
1692849170.859053,2.7793295,4.607569,11.497698
1692849170.959196,2.963763,4.7755275,11.463149
1692849171.059253,2.7385905,4.411231,11.58719
1692849171.159173,3.031339,5.069723,10.743882
1692849171.259196,3.0244143,4.963657,11.12724
1692849171.359709,3.1677787,5.046506,11.103665
1692849171.459183,3.161402,5.1457095,11.024541
1692849171.559171,3.1682744,5.5964966,10.431691
1692849171.659183,2.8696697,4.7525415,10.935575
1692849171.759362,3.2414026,5.5070405,10.661673
1692849171.859351,3.236005,5.344565,10.719766
1692849171.959152,3.3708143,5.80991,10.572447
1692849172.059098,3.357938,5.7256722,10.219734
1692849172.159359,3.3376768,5.5835476,10.381542
1692849172.259118,3.3230639,5.8512034,10.1316185
1692849172.359176,3.444277,5.962608,10.202863
1692849172.459206,3.4591184,6.232572,9.881238
1692849172.559149,3.3524456,6.3095407,9.834422
1692849172.659348,3.3830957,6.223146,9.707455
1692849172.759094,3.2733636,5.9592023,9.497444
1692849172.859332,3.3449807,6.045932,9.759052
1692849172.95962,3.2346468,6.0253716,9.792389
1692849173.05926,3.4077215,6.5159626,9.158209
1692849173.159359,3.4040272,6.6452007,9.241177
1692849173.259226,3.3517444,6.786182,9.087437
1692849173.35916,3.414165,6.8617077,9.087107
1692849173.459159,3.3878868,6.6508155,8.954022
1692849173.559419,3.3230476,6.829268,8.735868
1692849173.659131,3.3748267,6.5522237,9.3866
1692849173.759268,3.4680455,7.1614194,8.629475
1692849173.859422,3.3508344,6.994411,8.815934
1692849173.959021,3.3825617,7.01487,8.718305
1692849174.059198,3.6935062,7.9033947,7.933006
1692849174.159149,3.4861515,7.386325,8.273548
1692849174.259184,3.6557393,7.570129,8.095573
1692849174.359054,3.4930246,7.53231,8.122252
1692849174.458938,3.591843,7.8106112,7.8428273
1692849174.559373,3.6077096,7.7817473,8.006667
1692849174.659203,3.6005728,7.730578,7.8942094
1692849174.759144,3.6549325,7.858772,7.5529547
1692849174.859022,3.8213253,8.147544,7.576992
1692849174.95919,3.615772,7.8899865,7.5928836
1692849175.059124,3.6737587,8.046095,7.411663
1692849175.161021,3.630081,8.155258,7.487803
1692849175.259194,3.8684905,8.519975,7.219171
1692849175.359337,3.7116582,8.311669,6.970378
1692849175.45926,3.8328338,8.344737,6.8249726
1692849175.559428,3.9731357,8.612287,6.597343
1692849175.659109,3.897024,8.539358,6.9265127
1692849175.759109,3.877526,8.542312,6.6269097
1692849175.859097,3.9028194,8.824935,6.5503297
1692849175.959295,4.1536775,8.875902,6.250073
1692849176.059027,3.9943295,8.974501,6.327889
1692849176.159317,4.0138807,9.03404,6.368262
1692849176.259218,3.7318425,8.555897,6.2731743
1692849176.35914,3.5656667,7.599306,7.729805
1692849176.459307,3.9701605,8.871951,6.4504952
1692849176.559381,4.1143045,9.913145,5.081095
1692849176.659158,3.9314165,9.187856,6.0428333
1692849176.759296,4.1405883,9.412727,5.6469426
1692849176.858957,3.926851,9.42393,5.7809644
1692849176.959369,3.9663808,9.504348,5.152851
1692849177.059184,4.079819,9.881274,5.8225436
1692849177.159037,4.0738573,9.710324,5.2930403
1692849177.259027,3.9040556,9.797528,5.255854
1692849177.35914,3.865703,9.713367,5.3355427
1692849177.459401,4.00726,9.990367,4.979391
1692849177.559333,3.8364172,10.013901,4.786953
1692849177.659382,3.8810298,10.136437,4.7476273
1692849177.759548,3.866132,9.811671,4.951731
1692849177.859193,3.8186212,10.045445,4.468776
1692849177.959176,3.8289444,10.212402,4.290659
1692849178.059175,3.9869373,10.300672,4.4382997
1692849178.159121,3.901031,10.290104,4.0523486
1692849178.259421,3.9915473,10.384062,4.1847157
1692849178.359143,3.9008088,10.274518,4.019782
1692849178.459084,4.0131016,10.474265,3.9899433
1692849178.559183,3.9938006,10.478566,3.7743087
1692849178.659332,3.971288,10.651195,3.7502522
1692849178.759096,3.9525976,10.706599,3.5950596
1692849178.859237,4.060014,10.555631,3.5344236
1692849178.959137,4.147618,11.053003,3.4145582
1692849179.059149,4.102272,10.957429,3.089523
1692849179.159026,4.2396955,11.099091,3.2956917
1692849179.259232,4.502688,11.112139,3.49313
1692849179.359289,4.052308,11.225308,3.027841
1692849179.459407,4.2927756,11.44825,2.7450378
1692849179.559273,4.1776776,11.268541,2.6096463
1692849179.663621,4.1826997,11.614097,2.4615965
1692849179.759024,4.1876535,11.729081,2.4704404
1692849179.859154,4.192733,11.867443,2.4401898
1692849179.959229,4.120533,11.744628,2.104368
1692849180.059176,4.210296,11.874832,2.1535208
1692849180.159316,4.301329,12.009879,2.2516303
1692849180.259841,4.3699856,11.95231,1.7989014
1692849180.359283,4.2782373,11.880805,1.8365382
1692849180.459115,4.281723,12.218822,1.6265073
1692849180.558654,4.2909675,12.266408,1.5984743
1692849180.65912,4.296094,12.5374365,1.7355964
1692849180.759201,4.542903,12.6538925,1.4249456
1692849180.859156,4.351328,12.486378,1.3024002
1692849180.959277,3.9622881,11.73737,1.8258042
1692849181.059174,4.139191,12.258163,1.7554333
1692849181.159149,4.658133,12.988771,0.16641536
1692849181.25929,4.4426823,12.078425,0.92681915
1692849181.359253,4.7192564,12.839481,1.1123703
1692849181.45921,4.628205,12.939359,1.0901668
1692849181.559207,4.120886,11.495165,0.936011
1692849181.659195,4.695584,12.717769,0.4842616
1692849181.759303,4.69398,12.492687,0.0994538
1692849181.859228,4.6967688,12.477893,0.65788704
1692849181.959436,4.6754503,12.696835,1.0557201
1692849182.059459,4.906249,12.687405,0.3644569
1692849182.159191,5.0471992,13.032138,0.3875809
