timestamp,x,y,z
1692845357.421764,1.939764,7.734236,1.125464
1692845357.522613,1.9345354,7.817119,0.23839766
1692845357.626109,1.8345691,7.3238125,0.5928551
1692845357.726024,2.007751,7.9197593,1.6122298
1692845357.825944,1.6798295,6.8482966,0.24936324
1692845357.926035,1.7133342,7.474341,0.42762673
1692845358.026084,1.9925073,7.816029,0.56992394
1692845358.121632,2.0320477,7.556709,0.75377136
1692845358.221681,2.242592,7.6205215,0.98018545
1692845358.321748,2.6007264,8.558438,2.555347
1692845358.421817,2.4866986,8.073107,1.1122105
1692845358.52194,1.8813422,7.5045934,0.7490714
1692845358.621838,1.9334959,6.7951365,1.4502274
1692845358.721813,2.2943575,8.089009,1.1063992
1692845358.821773,2.2417681,7.1924167,1.2591288
1692845358.9216,1.9601816,7.3408527,1.3955975
1692845359.021833,2.0217202,7.293555,1.1948534
1692845359.12216,2.0591576,7.107592,-0.17782441
1692845359.221905,1.9860046,7.2543626,0.5738986
1692845359.321801,2.5663037,8.636039,1.1096916
1692845359.42166,2.3653698,8.199478,1.7639732
1692845359.521617,2.3462002,7.7881618,0.8080512
1692845359.621699,2.3839033,7.337168,0.70911014
1692845359.721652,2.8743384,8.520317,1.9913625
1692845359.82173,2.6939974,7.867408,1.7937063
1692845359.921779,2.107372,7.0793157,1.1877081
1692845360.021912,2.3108392,7.3510633,1.1217595
1692845360.121959,2.3662853,7.6055512,2.3443778
1692845360.22194,2.092305,7.101358,2.1021264
1692845360.32192,2.2544196,7.330991,1.5124123
1692845360.422011,2.4274123,7.3465543,1.500915
1692845360.557879,2.892123,8.167358,1.9329947
1692845360.657795,2.4629998,7.415204,1.6023138
1692845360.757726,2.27481,6.9853244,2.564578
1692845360.857759,2.5295322,7.2518353,1.7473104
1692845360.957541,2.512877,7.384096,2.0207598
1692845361.057545,2.4565487,7.169207,2.0942633
1692845361.157466,2.351895,7.2692657,0.9426029
1692845361.257494,2.3714235,7.104029,1.732762
1692845361.357446,2.4183934,7.3391833,1.8898559
1692845361.457774,2.632108,7.679447,2.1583652
1692845361.557597,2.5099366,7.4517107,2.1276197
1692845361.657662,2.6009119,7.7236695,2.9190073
1692845361.757617,2.4756453,7.441129,1.9221807
1692845361.857581,2.4358208,7.584068,2.52551
1692845361.957699,2.47179,7.411398,2.2380784
1692845362.057676,2.4254692,7.403748,2.5534275
1692845362.157521,2.4795227,7.3505216,2.1649253
1692845362.258059,2.4725573,7.3818393,2.4457886
1692845362.357758,2.5695825,7.7772937,3.9277341
1692845362.457343,2.466084,7.4535384,2.7688458
1692845362.560981,2.519735,7.4671254,2.3486578
1692845362.657471,2.3983574,7.225263,2.605394
1692845362.75767,2.518941,7.7164564,2.3218706
1692845362.85766,2.4748995,7.4731507,2.7599742
1692845362.957522,2.0764883,6.7515697,3.0556877
1692845363.057668,2.3100502,7.266191,2.7056954
1692845363.157946,2.3463223,6.982988,2.5492027
1692845363.258126,2.0197268,6.401179,2.9176567
1692845363.357885,2.4544566,7.4739084,2.8932598
1692845363.457842,2.5028994,7.393345,2.9779415
1692845363.557845,2.3258765,7.1738725,2.7879605
1692845363.657981,2.2895834,6.8738894,2.94836
1692845363.757752,1.9106352,6.494691,2.7237287
1692845363.85807,2.433599,7.1555924,3.1237888
1692845363.957947,2.230553,6.839289,2.5457506
1692845364.057444,2.6056225,7.86113,3.312548
1692845364.157524,2.605358,7.6769266,3.5070155
1692845364.257776,2.1556532,7.1398168,2.8465993
1692845364.357467,2.2978008,7.1990485,2.493244
1692845364.457602,2.4934623,7.0499105,3.1714451
1692845364.557459,1.7455466,5.8144336,3.3685725
1692845364.657681,2.4663336,7.28138,2.844383
1692845364.757679,2.5282862,7.5086226,2.7461808
1692845364.857672,2.5351999,7.434814,3.2200289
1692845364.957604,2.4889104,7.1124763,3.4564104
1692845365.057429,2.3206465,6.7829514,2.9027379
1692845365.157612,2.4323242,7.3624945,3.5580022
1692845365.257497,2.4715269,7.285668,3.1034732
1692845365.357588,2.582051,7.442148,2.882157
1692845365.457646,2.4771047,7.6214147,3.329118
1692845365.557729,2.5916371,7.5557137,3.277329
1692845365.657973,2.421796,7.2058797,3.2121372
1692845365.757485,2.5012388,7.3911467,3.1770744
1692845365.857576,2.4025347,7.1465755,3.322485
1692845365.957462,2.4071715,6.995087,3.5155818
1692845366.057532,2.5864885,7.3883543,3.2662385
1692845366.157625,2.3261654,7.0886006,3.276518
1692845366.257691,2.3348136,7.0881186,3.0584624
1692845366.35779,2.7676556,8.163405,3.6879609
1692845366.45748,2.5564926,7.6421475,4.0041447
1692845366.557711,2.286495,7.18251,3.5715058
1692845366.657555,2.4497733,7.2399774,3.5578017
1692845366.757505,2.2512584,6.76849,4.0719748
1692845366.857628,2.484585,7.2420716,3.7339041
1692845366.957654,2.1966355,6.880725,3.932916
1692845367.057702,2.867644,8.127512,4.4308605
1692845367.157484,2.4607942,7.1929884,3.5118072
1692845367.25782,2.3373673,7.0950313,3.2116113
1692845367.357597,2.4613657,7.203106,2.9100425
1692845367.457886,2.4309008,7.308609,3.946503
1692845367.557575,2.335893,6.993916,3.2039864
1692845367.657518,2.6953907,8.0799265,4.690287
1692845367.757602,2.5921016,7.9926505,3.100244
1692845367.857704,2.5111887,7.5822325,3.721939
1692845367.957567,2.5393732,7.2983603,4.068474
1692845368.05746,2.449794,7.2689543,3.725772
1692845368.157556,2.4414124,7.0913453,4.0003047
1692845368.257404,2.757056,8.133364,5.595065
1692845368.357455,2.6816497,7.6693788,3.584766
1692845368.457293,2.3909295,7.0953236,4.1922836
1692845368.557521,2.3840508,7.021896,3.911598
1692845368.657937,2.4238384,7.127059,3.6187108
1692845368.757613,2.4584775,7.4808683,3.8288996
1692845368.857894,2.5830696,7.5228906,3.7522717
1692845368.957588,2.4228737,7.369772,3.7916987
1692845369.057638,2.6196976,7.663122,3.5248983
1692845369.157583,2.8002622,8.255248,4.277277
1692845369.257632,2.3857348,6.9061575,3.780199
1692845369.35764,2.1988952,6.8659477,3.1758606
1692845369.457712,2.4124868,7.1543474,3.743656
1692845369.557575,2.435137,7.348394,3.6495266
1692845369.657587,2.43873,7.2230673,3.616503
1692845369.757883,2.475229,7.4418206,3.6187866
1692845369.857831,2.395478,7.041573,3.9741073
1692845369.95754,2.667898,7.8512926,3.861462
1692845370.057542,2.1300933,6.8501763,3.3435886
1692845370.157486,2.0405474,6.358206,4.121899
1692845370.257833,2.4323783,6.9766603,3.3181536
1692845370.389647,2.2330089,6.619729,3.5670338
1692845370.489637,2.115594,6.440931,3.4866798
1692845370.589533,2.2148924,6.934064,3.2605848
1692845370.689523,2.361996,7.192882,3.8938835
1692845370.789641,2.4595397,7.444262,3.7747457
1692845370.889561,2.2635496,6.8528523,3.6797974
1692845370.989564,2.5455155,7.4502673,3.6913087
1692845371.089816,2.689948,8.045545,3.7552154
1692845371.189579,2.4015095,6.9165125,3.8747494
1692845371.289414,2.503061,7.387547,3.7733693
1692845371.389555,2.5240242,7.502248,3.6041124
1692845371.48948,2.5014877,7.154195,3.662029
1692845371.589429,2.4921396,7.3070507,3.7342649
1692845371.6896,2.4266262,7.230257,4.1500754
1692845371.789615,2.4895108,7.4533625,3.594741
1692845371.889715,2.415354,7.226685,3.6820748
1692845371.989708,2.4786856,7.6508837,3.7214344
1692845372.090239,2.4919446,7.5514593,3.6803277
1692845372.189612,2.460032,7.469177,3.9718742
1692845372.289637,2.2615218,6.9300075,3.7120936
1692845372.389543,2.6365566,7.47669,3.890432
1692845372.489568,2.7292314,7.6413126,4.5601263
1692845372.58982,2.4190106,7.2700677,3.8789747
1692845372.689749,2.1709144,6.500567,3.438624
1692845372.789603,2.241708,6.707096,3.862038
1692845372.889611,2.5946124,7.667614,3.7483015
1692845372.989579,2.6458282,7.4901576,3.71166
1692845373.089493,2.785083,7.9128904,4.388417
1692845373.189527,2.320173,7.264245,4.2399054
1692845373.28954,2.2552302,6.702012,3.9650178
1692845373.389493,2.5261424,7.4267898,3.4274085
1692845373.489733,2.5853167,7.3454866,3.7342577
1692845373.589578,2.4569225,7.309577,3.5455756
1692845373.689634,2.5724173,7.43276,3.6583345
1692845373.793811,2.2210867,6.844944,4.559605
1692845373.890132,2.5940337,7.3405004,3.5143273
1692845373.990191,2.6110816,7.4571996,3.8938544
1692845374.08977,1.9125583,6.4655356,3.8221822
1692845374.189639,2.2308838,7.0232177,3.8800185
1692845374.289785,2.6715932,7.701207,3.418618
1692845374.389688,2.3968027,7.089352,3.8395028
1692845374.489715,2.6434584,7.506496,3.7201927
1692845374.589674,2.6697605,7.889568,3.7412994
1692845374.689795,2.2677014,7.1297755,3.9894085
1692845374.789611,2.3127952,6.745691,3.6696095
1692845374.889526,2.3145034,6.8208237,3.754271
1692845374.989389,2.5399883,7.393499,4.1885915
1692845375.089988,2.6735375,8.321075,4.3642483
1692845375.189669,2.4169178,7.2482915,4.0537653
1692845375.289585,2.527356,7.4452877,4.001114
1692845375.389483,2.4980743,7.5587726,3.5473995
1692845375.489526,2.5414069,7.3238544,3.5521536
1692845375.589709,2.3608813,6.897513,3.8780453
1692845375.689567,2.4458165,7.2554064,3.5786111
1692845375.789379,2.4507864,7.2811046,3.6876984
1692845375.889578,2.5035384,7.4659815,4.502255
1692845375.989636,2.6037292,8.701092,5.1926475
1692845376.089645,2.5788767,7.8175683,4.732979
1692845376.189592,2.3401105,7.0056996,4.1732373
1692845376.28955,2.3663845,7.4597764,3.9677303
1692845376.389718,1.8615105,5.6587296,3.4707153
1692845376.489508,2.259253,6.716185,3.5157702
1692845376.589468,2.285149,6.925402,3.839862
1692845376.689621,2.347801,7.2397356,3.8468442
1692845376.789748,2.3573272,7.445567,4.4327583
1692845376.921608,2.0479105,6.5092907,3.8207386
1692845377.021754,2.1608171,6.7213273,3.9749715
1692845377.121905,2.1137044,6.411681,3.8461537
1692845377.257605,2.1213143,6.4172244,3.7777634
1692845377.357379,2.0535355,6.276211,4.0013566
1692845377.457719,2.1563654,6.551789,3.7388551
1692845377.557547,2.2453635,6.859184,3.8420246
1692845377.657512,2.0565493,6.245066,3.7402134
1692845377.757532,2.0997953,6.3595877,3.9387882
1692845377.857359,2.1274905,6.309805,3.7604177
1692845377.957408,2.1241736,6.349626,3.8161285
1692845378.057267,2.3440905,6.731525,4.108681
1692845378.189749,2.061862,6.0997424,3.9731922
1692845378.289788,2.2306452,6.507263,3.9928374
1692845378.389787,2.152981,6.10321,3.9092338
1692845378.489727,2.0315447,5.9614882,3.8027864
1692845378.589803,2.0952256,6.001299,3.7756374
1692845378.68953,2.0386214,5.918228,3.6801748
1692845378.789601,1.9859655,5.5562315,3.7796564
1692845378.889523,2.0699582,5.848615,3.8082898
1692845378.989687,1.9246796,5.626873,3.7444115
1692845379.089689,2.1345367,5.941986,4.43497
1692845379.189655,1.9006126,5.832761,4.0115395
1692845379.289783,1.8084483,5.1836553,3.746117
1692845379.390425,1.8049821,5.207999,3.8158598
1692845379.489642,1.6738334,4.9677005,3.7878735
1692845379.589715,1.6234175,4.817596,3.7350576
1692845379.689605,1.5528269,5.1061363,3.8386781
1692845379.789975,1.4050275,4.693804,3.5938835
1692845379.890116,1.5321289,4.6387954,3.7163522
1692845379.98997,1.560085,4.810526,3.792712
1692845380.089597,1.0281373,3.8098025,3.8767364
1692845380.189584,1.2684228,4.2991104,3.8814862
1692845380.289519,1.3637507,4.3011346,3.9277048
1692845380.389508,1.15945,3.9167051,3.7413716
1692845380.48974,1.1503068,4.108268,3.8630705
1692845380.589553,1.140382,3.7628026,3.8458729
1692845380.689667,1.0890814,3.6619146,3.7526233
1692845380.789691,1.0744393,3.674102,3.797708
1692845380.889587,1.1049967,3.6789951,3.9091513
1692845380.989678,0.99643105,3.3926558,3.6655827
1692845381.089539,1.0684412,3.4935856,3.6269476
1692845381.189567,0.8702831,3.2190588,3.6166766
1692845381.289539,0.7904792,3.1443112,3.749231
1692845381.389565,0.6826457,2.6415546,3.7516682
1692845381.489453,1.004623,3.430512,3.7331727
1692845381.589602,0.66662085,2.7855105,3.6588414
1692845381.689801,0.77828145,2.890056,3.7161262
1692845381.789596,0.7780517,2.8016458,3.9135668
1692845381.889583,0.6601284,2.4795196,3.7401597
1692845381.989576,0.6778647,2.663788,3.9768589
1692845382.089533,0.5991799,2.5014641,3.7211356
1692845382.189528,0.5845962,2.3042269,3.5613236
1692845382.289705,0.615208,2.332973,3.8887143
1692845382.389627,0.45101076,2.0266664,3.9388857
1692845382.489625,0.50632364,2.1276019,3.7887442
1692845382.589748,0.4769938,1.9406503,3.9281988
1692845382.689485,0.4493286,2.0053406,3.8317113
1692845382.789534,0.442214,1.9355186,3.7197688
1692845382.889694,0.46280026,1.9097012,3.7569168
1692845382.989597,0.4827435,1.962287,4.017557
1692845383.089872,0.42025816,1.5498445,3.6261022
1692845383.189531,0.32627806,1.4532684,3.8064847
1692845383.289634,0.28223148,1.4600089,3.676798
1692845383.389666,0.24734399,1.3005359,3.8032346
1692845383.489862,0.39086652,1.4400626,3.58628
1692845383.589658,0.2885777,1.1076859,4.1838737
1692845383.689511,0.1543906,1.290332,4.608839
1692845383.789522,0.20068735,1.0679125,3.6190724
1692845383.88979,0.32740343,1.0438136,3.611767
1692845383.989691,0.24337336,1.210147,3.8151634
1692845384.089664,0.028644888,0.65176684,3.9145856
1692845384.189639,0.17553332,0.80618626,3.6849043
1692845384.289552,0.12751032,0.66604584,3.6560054
1692845384.38948,0.09888689,0.68786645,3.6308672
1692845384.489487,0.1200742,0.67446,3.785471
1692845384.589473,0.044221103,0.5490761,3.713572
1692845384.689716,0.12027031,0.43416464,3.566345
1692845384.789564,-0.040571433,0.3091394,3.7037687
1692845384.889488,-0.037396755,0.1759795,3.71494
1692845384.98954,0.0077446327,0.24375781,3.6807532
1692845385.08979,-0.039212663,0.2254921,3.57417
1692845385.189835,0.093642965,0.49510482,4.010566
1692845385.290029,-0.074600205,-0.09870927,3.8934503
1692845385.389905,-0.0039534513,-0.23183687,3.8639033
1692845385.489737,0.0972244,0.23461194,3.534044
1692845385.589845,-0.067659736,-0.11249296,3.755568
1692845385.689766,0.031779427,0.24370593,3.5111105
1692845385.790008,-0.08567257,-0.21777005,3.580668
1692845385.889803,-0.124137715,0.0008904468,3.7080462
1692845385.989621,-0.028584227,0.1768385,3.6794245
1692845386.08964,0.062178925,0.08780118,3.8692179
1692845386.189699,0.008088599,0.25630528,3.6714764
1692845386.289904,0.035895042,0.019372566,3.8943334
1692845386.389844,0.34611127,1.1110171,4.1715827
1692845386.489728,0.040840592,0.53886527,3.7454045
1692845386.589725,0.010744917,0.27754346,3.42884
1692845386.689812,0.22246577,0.8591267,3.726134
1692845386.789719,0.11458792,0.46681112,3.6651294
1692845386.889761,0.14326042,0.47587445,3.7963026
1692845386.989846,0.19935155,1.0184078,3.784474
1692845387.089949,0.18167727,0.5057541,4.0772686
1692845387.189818,0.18835464,0.60986793,4.041401
1692845387.289766,0.07316612,0.29590216,3.9868593
1692845387.389763,0.11709939,0.4025986,3.8745337
1692845387.489749,0.025062654,0.3692271,3.7593696
1692845387.589797,0.11956923,0.20807812,3.7227118
1692845387.689763,-0.10025881,0.64409715,3.8878672
1692845387.821836,0.14535767,0.50251985,3.6622117
1692845387.922131,-0.00088127516,0.25033984,3.596891
1692845388.022054,-0.047401097,0.0177372,4.2945514
1692845388.121964,0.4749607,0.86359644,4.0248156
1692845388.221729,0.12175922,0.40376765,5.0167794
1692845388.321732,0.14432096,0.5906593,4.699442
1692845388.421856,0.09607369,0.40329888,4.0811443
1692845388.521711,-0.071369976,0.27226812,3.7767274
1692845388.621768,-0.0081463475,0.29861277,4.203359
1692845388.721737,-0.09443201,0.32411343,3.9657223
1692845388.821853,0.06275198,0.6565655,3.6906185
1692845388.922287,0.2646773,1.0654851,4.3779926
1692845389.021755,-0.07141265,0.3877455,3.4103904
1692845389.121947,-0.063103095,0.04479727,3.7325087
1692845389.222042,-0.10423291,0.17383221,3.9491231
1692845389.32182,-0.108594984,0.11433861,3.5478787
1692845389.42182,0.035924543,0.6016853,3.613586
1692845389.521955,-0.019043196,0.13575655,3.4697144
1692845389.622087,-0.19071156,-0.043217927,3.686256
1692845389.721687,0.053074352,0.52653843,3.6768718
1692845389.821923,-0.043192953,0.5245763,3.7423635
1692845389.921793,-0.02816647,0.5123692,3.4449766
1692845390.021822,-0.011389906,0.41226503,3.836822
1692845390.121646,-0.041917946,0.053898565,3.8563042
1692845390.221747,0.1466625,0.8534076,4.0484314
1692845390.321935,-0.044217523,0.44364738,3.8086135
1692845390.421887,-0.20157097,0.031319246,3.829655
1692845390.521754,-0.11068095,0.42363742,3.6961045
1692845390.62174,0.007900966,0.633839,4.083548
1692845390.721669,-0.001424808,0.30045068,3.3719885
1692845390.821743,-0.03928338,0.31855565,3.91977
1692845390.921695,-0.117018566,0.12811102,3.8212135
1692845391.021742,-0.06684548,0.17875706,3.9017994
1692845391.121748,-0.14927806,-0.028149823,3.8046184
1692845391.221781,-0.00077275,0.44622117,3.5760226
1692845391.321857,-0.044509146,0.23161936,3.804631
1692845391.421782,-0.0441865,0.295281,3.599001
1692845391.521831,0.057039488,0.5126507,3.9681194
1692845391.621904,-0.10151626,0.16776496,3.6251423
1692845391.72201,-0.01492776,0.21192989,3.641877
1692845391.821712,-0.15724526,0.20781691,3.8905323
1692845391.921806,-0.14572161,0.10040556,3.9551392
1692845392.021768,-0.025654469,0.35811308,3.7593648
1692845392.121627,-0.04005484,0.41835997,3.763903
1692845392.221667,-0.06407608,0.20276351,3.558265
1692845392.321687,-0.006679766,0.37298727,3.9236145
1692845392.421737,0.40196103,1.7214068,3.4241946
1692845392.521657,0.09211171,1.0113215,3.5949621
1692845392.621605,0.07454617,0.4899425,3.69745
1692845392.721751,0.24926999,1.005173,3.859941
1692845392.821861,0.113021374,0.748563,4.0513964
1692845392.921678,0.914049,2.8680775,3.4394486
1692845393.021693,0.058790248,0.741524,3.4393027
1692845393.121651,0.16775638,0.98515904,3.5991647
1692845393.221828,-0.109121084,0.13321802,3.4334557
1692845393.321851,0.09513731,0.6570647,3.8834515
1692845393.421993,-0.1300895,0.34954014,3.6430404
1692845393.521675,-0.014351398,0.26033932,3.812161
1692845393.621753,0.011308089,0.5946503,3.983514
1692845393.721738,0.071813285,0.531473,4.099135
1692845393.821603,-0.11417279,0.5083353,3.5648508
1692845393.921792,0.02445193,0.5079045,3.7603648
1692845394.021696,0.2745294,1.3459936,4.3863134
1692845394.121697,0.09307143,0.62659895,3.8895125
1692845394.221589,-0.13050058,0.18778814,3.5615253
1692845394.321882,-0.020077564,0.4298217,3.9550354
1692845394.421935,0.22330949,0.87057817,3.7647421
1692845394.521718,-0.017736793,0.41285607,4.0552173
1692845394.621861,0.039052367,0.46888524,3.7762094
1692845394.721646,-0.031943172,0.23396774,3.7796786
1692845394.821673,0.5068344,1.4031729,4.589714
1692845394.921546,-0.098625064,0.11784556,3.6177318
1692845395.021622,-0.071588814,0.2264768,3.7093022
1692845395.122189,0.019936837,0.39170185,3.9051275
1692845395.222003,0.019009,0.61795413,3.4427974
1692845395.322035,-0.14786923,0.05330839,3.7435043
1692845395.421613,-0.12705493,0.2513258,3.8731606
1692845395.52162,0.03540346,0.46164325,3.8612258
1692845395.621671,-0.07729153,0.1304498,3.9228127
1692845395.7216,-0.046180066,0.26494154,3.8142407
1692845395.821579,-0.005987294,0.5299795,3.597785
1692845395.922215,-0.10737164,0.1832286,3.6179621
1692845396.02198,-0.09967324,0.127449,3.8308198
1692845396.12177,-0.14898981,0.21505672,3.9739573
1692845396.221711,-0.13716586,0.17656177,3.7689116
1692845396.321768,-0.089520976,0.18090585,4.064486
1692845396.421959,-0.19795023,0.17947309,4.611317
1692845396.521732,-0.006448567,0.47750112,4.202968
1692845396.62182,-0.10589616,0.084733665,3.9624329
1692845396.721713,-0.100561604,0.15669043,3.677978
1692845396.821752,-0.09544015,0.19617249,3.5568373
1692845396.9216,-0.01541682,0.7186032,3.7608535
1692845397.021605,-0.0005490929,0.42169723,3.7886689
1692845397.12162,-0.063276276,0.15580608,3.5686104
1692845397.221698,0.02746034,0.51832545,4.051708
1692845397.321573,-0.10604662,0.22715493,3.6514833
1692845397.422009,-0.051588167,0.21521135,3.8110158
1692845397.522139,-0.025471281,0.40453923,3.8212733
1692845397.621817,-0.036995653,0.24539974,3.7142437
1692845397.721733,-0.09419751,0.300266,3.7715232
1692845397.821734,-0.06973976,0.34267187,3.719659
1692845397.921653,-0.13316801,0.14790052,3.6942244
1692845398.021615,-0.082126975,-0.0017136652,3.4223156
1692845398.121639,-0.057689693,0.59619254,3.6463199
1692845398.221631,0.019723691,0.54088944,4.1619906
1692845398.322104,-0.055683207,0.22802934,3.6996467
1692845398.421725,-0.016872961,0.6548499,3.7513623
1692845398.521565,0.13924281,0.72620773,4.2597227
1692845398.62164,0.03595809,0.2487361,3.800989
1692845398.721735,-0.06499115,-0.027436668,3.96618
1692845398.821576,-0.052252058,0.25200924,3.7551148
1692845398.921695,0.028473817,0.3093235,3.546288
1692845399.021691,-0.025995173,0.22096911,3.6714616
1692845399.121903,-0.1372079,0.1721031,3.8616939
1692845399.222041,-0.11004344,0.1318578,4.00073
1692845399.321857,-0.043290198,0.3878971,3.7350926
1692845399.421489,0.06665249,0.45699048,4.234346
1692845399.521602,0.02422702,0.28255898,4.1093965
1692845399.621565,0.025088966,0.4851128,3.6830943
1692845399.721643,0.028720384,0.55732954,3.7709897
1692845399.821817,0.05836003,0.5373326,3.60884
1692845399.921821,0.12396133,0.8830035,3.8468504
1692845400.02177,0.36320955,1.6051762,3.7774336
1692845400.121711,0.115873635,0.6504787,3.850552
1692845400.221658,0.12577389,0.90731585,3.66085
1692845400.321569,0.15193833,0.90456903,3.6253378
1692845400.421584,0.3471775,1.3555155,4.2458925
1692845400.521468,0.2698284,1.5228767,3.9761188
1692845400.621569,0.24332917,1.0594096,3.7349596
1692845400.721694,0.26037636,1.5703721,3.502115
1692845400.821332,0.3693021,1.8498973,3.7628589
1692845400.921371,0.46522886,1.8408827,3.7870178
1692845401.02128,0.4748806,1.8616868,3.5973015
1692845401.122021,0.5904598,2.2449532,3.775235
1692845401.221301,0.76162875,2.5418038,3.847173
1692845401.321462,0.7673496,2.7635372,5.0316486
1692845401.421263,0.87058055,2.5798502,5.361432
1692845401.521361,0.7844375,2.4521992,5.2914424
1692845401.621322,0.60034263,2.8410523,3.9467766
1692845401.721337,1.1532297,4.1018963,3.8402567
1692845401.821312,0.9000959,3.3217263,3.5227795
1692845401.921311,1.1235218,4.332565,3.5335424
1692845402.021416,0.6970908,2.8325279,3.983997
1692845402.121438,1.5118315,5.0392394,3.4530795
1692845402.221637,1.0530318,4.004505,3.692971
1692845402.321624,0.86134934,3.567405,3.854472
1692845402.421513,1.105628,3.998699,3.8095725
1692845402.521287,0.81639105,3.4612222,3.3159602
1692845402.621266,0.97109294,3.7002017,3.3065574
1692845402.721198,1.0225556,3.884584,3.534839
1692845402.821221,0.9619745,3.725755,3.3455975
1692845402.921245,0.7647411,3.409473,3.494704
1692845403.021225,0.82241255,3.665501,3.3051336
1692845403.121365,0.79510635,3.4918504,3.3017797
1692845403.221406,0.90070105,3.7495291,3.2704084
1692845403.32141,0.9796545,3.6589448,3.5873759
1692845403.421233,0.90052587,3.7801251,3.3238337
1692845403.521453,1.0242262,3.9057975,3.3433568
1692845403.621184,0.91694576,3.753556,3.4024396
1692845403.721335,1.2977536,4.416709,3.6598537
1692845403.821077,0.8790051,3.5113914,3.4705005
1692845403.922007,0.9304782,3.6745849,3.0496953
1692845404.021623,1.0456238,3.8228917,3.7861226
1692845404.121789,1.00735,4.0552983,3.657487
1692845404.221568,0.84841704,3.4217641,3.2360501
1692845404.321589,1.1227301,4.401093,3.688952
1692845404.421549,0.97309333,3.6693044,3.482168
1692845404.521573,0.94218117,3.8175135,3.213886
1692845404.621554,1.2742274,4.8327436,3.149791
1692845404.72228,0.80983204,3.4278977,3.2170975
1692845404.821666,0.788912,3.5057662,3.563356
1692845404.926221,0.9047049,3.6148145,3.3721278
1692845405.026127,1.2013233,4.701479,3.2445605
1692845405.126248,1.0040016,4.091113,3.3404753
1692845405.226256,1.0081555,3.916704,3.408781
1692845405.32599,0.94041365,3.6350827,3.4097106
1692845405.42618,0.9724333,3.852421,3.2960534
1692845405.526189,0.6631894,3.1274207,3.2641828
1692845405.626086,0.98892814,3.8815413,3.4127789
1692845405.726221,0.9378212,3.876623,3.3597238
1692845405.826147,0.7553085,3.5557485,3.1555912
1692845405.926119,1.0503503,4.0359993,2.9227736
1692845406.026067,1.0906353,4.084155,3.4574785
1692845406.126051,0.87805784,3.8090107,3.3330898
1692845406.226108,0.99749935,4.0118937,3.4902933
1692845406.326003,0.8606032,3.7259731,3.2650976
1692845406.42621,1.0984528,4.2429814,3.4880967
1692845406.526035,0.59525585,3.0837271,3.5692751
1692845406.626147,1.0635885,4.1414223,3.3829513
1692845406.726082,1.1992003,4.320911,3.5974455
1692845406.826206,0.9095124,4.034439,3.4861827
1692845406.921604,1.041867,4.0119376,3.4354155
1692845407.021563,1.2233007,4.4038043,3.3854554
1692845407.121777,0.6860802,3.4783585,3.161084
1692845407.221771,0.94705117,3.847878,3.1029031
1692845407.321816,0.9108228,3.899454,3.4707873
1692845407.421553,0.8442125,3.756191,3.3953648
1692845407.521563,0.88831806,3.7577698,3.4170883
1692845407.621718,1.0881512,4.606942,4.386951
1692845407.721779,0.7549876,3.7170286,3.4670284
1692845407.8215,0.610011,2.9964547,3.1413138
1692845407.921668,0.7363975,3.1031334,3.463271
1692845408.021772,0.95236015,4.0283647,2.9531934
1692845408.121495,0.9485721,4.0698094,3.5684693
1692845408.221524,0.94024396,4.0478354,3.3444066
1692845408.321533,0.67706245,3.505447,3.5861335
1692845408.421501,0.81032866,3.470886,3.0318472
1692845408.521515,0.8430543,3.9345822,3.2285082
1692845408.621484,1.4276803,5.366636,4.3655777
1692845408.721593,0.9851327,4.170537,3.2936742
1692845408.821672,0.6413943,3.5589874,3.541811
1692845408.92157,0.7606049,3.4098027,3.8518038
1692845409.021544,0.8913014,4.0444674,3.2608619
1692845409.121599,0.9573794,3.7341092,3.3289258
1692845409.221595,0.98933905,4.052979,3.2799118
1692845409.321503,0.76870143,3.654608,3.1548584
1692845409.421544,0.92260236,3.9058058,3.3499017
1692845409.522041,0.9792093,4.164955,3.429624
1692845409.621774,1.0827088,4.261252,3.3196507
1692845409.721675,0.9803485,4.1341424,3.346477
1692845409.82171,0.9745676,4.1900268,3.3409226
1692845409.921518,0.66243637,3.2618368,3.2450087
1692845410.021516,0.8100087,3.690818,3.458908
1692845410.121584,0.87141633,3.8377736,3.424245
1692845410.221506,1.0114574,4.0936923,3.3784893
1692845410.321748,0.95036507,3.9928443,3.3249576
1692845410.421987,0.8203213,3.9142044,3.319165
1692845410.522094,1.0705541,4.231312,3.0533855
1692845410.621503,0.9268893,3.9393928,3.3765507
1692845410.721485,1.3141373,4.846888,3.6046903
1692845410.821613,0.93204683,3.8277926,3.3199694
1692845410.921611,0.90017134,3.7744324,3.2488716
1692845411.021658,1.4930692,5.2118077,3.5098948
1692845411.121553,0.8496923,3.493233,3.587313
1692845411.221704,1.1194694,4.5153527,3.3202224
1692845411.321474,1.2351269,4.8761973,3.5361052
1692845411.421502,1.4671073,5.2504206,3.3348262
1692845411.521577,1.3393922,5.1504884,3.2808359
1692845411.621001,1.3240125,5.0669155,3.151677
1692845411.721143,1.3511236,4.8171496,3.5290067
1692845411.821172,1.3294861,5.317845,3.433044
1692845411.921434,1.6027458,5.453484,3.4826462
1692845412.021424,1.570717,5.637781,3.5791192
1692845412.121216,1.4861141,5.420865,3.2750638
1692845412.221201,1.2068869,5.0913973,3.392078
1692845412.321141,1.4692974,6.1386466,3.8819535
1692845412.421171,1.8175377,6.5231357,3.5646183
1692845412.521196,1.3863281,5.389341,3.1033385
1692845412.621286,1.3627632,5.6491103,3.5108263
1692845412.721287,1.3860372,4.961557,3.8612506
1692845412.821199,1.2880923,5.184069,3.6526425
1692845412.921106,1.2604194,5.4378066,3.3680856
1692845413.021348,1.6008526,5.383229,3.3203914
1692845413.121022,1.2887063,5.1950135,3.1734555
1692845413.221225,1.5182383,5.604121,3.8721583
1692845413.32119,1.6721139,5.9844165,3.4479706
1692845413.421162,0.9727164,4.9396324,3.8084877
1692845413.521351,1.5670787,5.59503,3.5392163
1692845413.621251,1.4897597,5.4808707,3.729339
1692845413.72158,0.98865914,4.742666,4.137237
1692845413.821064,1.2894613,5.4353447,3.5225406
1692845413.921571,1.1891664,4.734717,3.406668
1692845414.021192,1.2961727,5.247125,3.357094
1692845414.1211,1.2536529,5.1340427,3.4345825
1692845414.221192,1.396858,5.277998,3.5179803
1692845414.3216,1.3526962,5.33506,3.7325027
1692845414.425803,1.2966577,5.0450377,3.6337907
1692845414.521046,1.2130905,4.9276004,3.393154
1692845414.621309,1.7743827,6.089994,4.3806996
1692845414.721387,1.6700842,6.69472,4.345637
1692845414.821409,1.2766293,5.0104976,3.8017993
1692845414.921436,1.488895,5.4931474,3.7915754
1692845415.021434,1.4352047,5.1526423,3.7203224
1692845415.122042,1.205471,4.9385056,3.782184
1692845415.221687,1.4086696,5.126344,4.1176186
1692845415.321642,1.2544947,5.2654576,3.8642867
1692845415.421556,1.5494823,5.122404,3.960962
1692845415.521832,1.8601059,6.2559533,4.2775016
1692845415.621678,1.501729,5.6204677,4.6184754
1692845415.721412,1.9363524,6.6628737,5.344457
1692845415.821394,1.5021296,5.6554756,4.551338
1692845415.921601,1.6191084,5.7496095,3.972522
1692845416.021568,1.3891714,5.486208,3.9962397
1692845416.121597,1.0950522,4.302668,4.1765323
1692845416.22155,1.2814941,4.9467998,5.2470703
1692845416.321428,1.3956487,5.228397,4.7433147
1692845416.421386,1.23971,5.2923207,3.9285955
1692845416.521501,1.4150093,5.392132,4.7825875
1692845416.621506,1.4335924,5.4044533,5.0474977
1692845416.721683,1.3197534,5.0951552,5.105007
1692845416.82156,1.496361,5.4342613,4.577629
1692845416.921392,1.3751281,5.3193173,4.861507
1692845417.021423,1.6074531,5.9773135,6.1117334
1692845417.121438,1.4112561,5.3929367,5.3797174
1692845417.221521,1.2014104,4.4384265,5.484969
1692845417.35737,1.3957508,5.0491586,5.183461
1692845417.457282,1.8711721,6.5411024,5.9438453
1692845417.557352,2.191767,7.6438403,6.111128
1692845417.657362,1.3673505,5.0838485,5.7368135
1692845417.757295,2.0828955,6.4632487,5.4653296
1692845417.857277,1.5265862,5.6787987,5.331132
1692845417.95722,1.3584208,5.11161,5.3284974
1692845418.057216,1.5153451,5.741525,4.5346828
1692845418.157186,1.2331109,4.3812532,6.0334635
1692845418.257438,1.4791805,4.8368344,7.8654175
1692845418.357311,1.3918644,5.1596737,5.5553927
1692845418.457403,1.9484432,6.231907,5.205203
1692845418.557175,1.5362618,5.602918,6.0177484
1692845418.656991,1.3192055,5.0461726,5.413996
1692845418.757123,1.587053,5.6076975,6.3678885
1692845418.857162,1.733947,5.435519,6.513068
1692845418.957095,1.6493969,5.6412954,4.49964
1692845419.057224,1.4005777,5.5086875,5.653471
1692845419.157321,1.4258118,5.037076,6.7528987
1692845419.257266,0.9550449,3.8852077,5.612909
1692845419.357154,1.8880492,6.382261,6.0356016
1692845419.457106,1.2712907,4.6074104,6.1559677
1692845419.557205,1.677172,5.5624814,6.71151
1692845419.65711,1.3063592,5.087721,6.8871045
1692845419.757185,1.6258787,5.434529,6.917237
1692845419.857321,1.4947824,5.031752,6.873897
1692845419.957197,1.4581878,5.1451,6.4066095
1692845420.057228,1.5124357,5.464315,6.8734584
1692845420.157211,1.3861487,5.0874386,6.425175
1692845420.257244,1.6174655,5.9343114,6.8914413
1692845420.357226,1.1602222,4.1947846,6.5017104
1692845420.45726,1.6365074,5.8695207,6.545057
1692845420.557079,1.5408058,5.3282084,7.147271
1692845420.657269,1.4395194,4.8639483,5.980398
1692845420.757294,1.6139647,5.2865324,6.997362
1692845420.857329,1.4429168,5.1501513,6.3780017
1692845420.957264,1.417019,5.152922,6.5884404
1692845421.057068,1.4108558,4.98655,6.462015
1692845421.157056,1.5172787,5.257268,6.8459826
1692845421.257256,1.448839,5.186477,6.7402587
1692845421.357049,1.444418,5.4974437,6.9566026
1692845421.45744,1.6464993,5.7233424,6.7801766
1692845421.557317,1.5076042,4.795497,6.536995
1692845421.657392,1.6348931,5.4054604,6.362235
1692845421.757193,1.9533999,6.272882,5.7931924
1692845421.857074,1.8507133,6.26699,6.848917
1692845421.957387,1.6533421,5.6779795,6.4420075
1692845422.056994,1.9011443,5.9722414,7.1969137
1692845422.156998,1.7583548,6.098774,6.1096106
1692845422.257224,1.5151254,5.0576634,5.557071
1692845422.357115,2.165292,6.664853,6.400875
1692845422.457194,2.0464654,6.5545645,6.433158
1692845422.557128,2.0014513,6.404647,6.5909166
1692845422.657119,2.3417523,7.213294,6.645454
1692845422.757188,2.3775337,7.8221817,7.515835
1692845422.857117,2.2247398,6.7972713,5.927046
1692845422.957093,2.6951258,8.221215,5.8827453
1692845423.05716,2.8138404,8.498259,6.646478
1692845423.157305,2.5193322,7.70613,6.295979
1692845423.257154,2.536749,7.5253434,6.9171615
1692845423.357177,2.5736303,8.041095,6.332128
1692845423.457096,2.607179,7.9935155,6.157551
1692845423.557163,2.7548587,8.643646,6.7760234
1692845423.657226,2.473084,7.485456,7.0993476
1692845423.75729,3.0200076,9.001444,6.841548
1692845423.857171,2.9867625,8.744449,6.8967137
1692845423.957062,2.9401891,8.8295355,6.5434065
1692845424.057245,2.8626413,8.516619,6.5327334
1692845424.157246,2.8349342,8.493778,6.910786
1692845424.257212,3.0016527,8.528162,6.530113
1692845424.357368,2.9603875,8.503374,6.602035
1692845424.457293,2.9972427,8.615081,6.6778665
1692845424.562112,2.8700166,8.53248,6.3261366
1692845424.662244,2.7135649,8.043664,6.46841
1692845424.756896,2.9625518,8.604896,6.5893745
1692845424.856659,3.1955574,9.239022,6.703824
1692845424.956715,3.0311992,8.832439,7.01774
1692845425.056748,2.9069824,8.23319,6.664766
1692845425.156867,2.8056436,8.1883135,6.422605
1692845425.256769,2.6896358,7.612784,6.524491
1692845425.356932,2.733122,7.7965555,5.8876133
1692845425.457161,2.7657342,7.8254523,6.1271105
1692845425.556906,2.931215,8.239771,6.667372
1692845425.656783,2.9088123,8.368886,6.5266514
1692845425.756888,3.004808,8.385482,6.4242334
1692845425.856879,2.8964021,8.258537,6.3729167
1692845425.956832,3.0264995,8.476988,6.6607313
1692845426.056848,2.9727886,8.252608,6.828836
1692845426.156766,3.0103643,8.443303,6.780034
1692845426.289388,2.7368827,7.98149,6.022837
1692845426.389047,2.892657,8.085065,6.055844
1692845426.488879,2.8922198,8.294941,6.784561
1692845426.589202,2.9363582,8.356593,6.836943
1692845426.688964,2.4025137,7.2800393,5.7677846
1692845426.788889,2.8692915,8.292308,6.487656
1692845426.888808,2.8388655,8.371912,7.304286
1692845426.988825,2.9141028,8.669908,6.0942636
1692845427.088932,3.1026382,8.596365,7.03159
1692845427.189373,3.0530937,8.768017,6.774241
1692845427.289397,2.962845,8.642729,6.4531217
1692845427.389236,3.0695891,9.14085,7.3670297
1692845427.489206,3.1765826,8.544071,8.877836
1692845427.589287,3.0951216,9.181084,6.5846267
1692845427.689258,3.3628147,9.7526455,6.476648
1692845427.789303,3.3516936,9.937136,5.8009925
1692845427.889263,3.0933123,9.147233,7.081019
1692845427.989452,4.0208187,11.853073,8.450606
1692845428.089363,3.098653,8.72313,6.580036
1692845428.189287,3.0365648,8.8843975,6.3747706
1692845428.289258,3.370242,9.56527,6.6442084
1692845428.389216,2.9152973,8.868117,6.533974
1692845428.489164,2.1357205,6.6992774,4.2936416
1692845428.589266,3.131929,9.4235525,6.991001
1692845428.689398,3.220271,9.53949,7.776439
1692845428.789314,2.9455066,8.7673025,6.550685
1692845428.88919,2.9166512,8.299096,6.456708
1692845428.989263,3.0876691,8.752952,6.457696
1692845429.089236,2.7156985,8.1388,6.00795
1692845429.189145,2.6256354,7.4598823,10.755972
1692845429.289163,3.1385105,9.522499,6.463768
1692845429.389144,2.9774065,8.949418,5.7116313
1692845429.489208,3.115629,9.134987,7.090582
1692845429.589214,3.2024536,9.139908,7.168747
1692845429.689481,3.2897031,9.272458,7.180383
1692845429.789184,3.1343675,9.427613,7.3948007
1692845429.889336,2.909344,8.420813,5.8801026
1692845429.989118,2.8834617,8.539989,6.2696753
1692845430.089173,2.8843699,8.385945,6.5863557
1692845430.189481,3.046211,8.891969,6.6214643
1692845430.289637,2.7857785,8.412673,6.183558
1692845430.38924,2.922097,8.4682865,6.167546
1692845430.489148,3.115051,8.927288,6.7978873
1692845430.592692,3.2282264,9.064765,7.5601177
1692845430.689168,3.037062,8.817119,7.500645
1692845430.789143,3.1497667,9.185773,7.8547688
1692845430.889218,3.0117035,8.859442,7.3572793
1692845430.989181,2.9734223,8.439545,7.175823
1692845431.089278,2.8485305,8.624028,8.029346
1692845431.189436,3.160533,9.51532,7.3473725
1692845431.289354,2.9962962,8.934307,7.6257453
1692845431.389345,3.8057022,11.408151,7.3510675
1692845431.489147,2.78633,8.862559,7.5584044
1692845431.589213,3.166566,9.220368,8.55051
1692845431.689105,3.1423852,8.946475,7.553421
1692845431.789428,3.1811619,9.403273,8.597621
1692845431.889285,3.395121,10.368283,8.028118
1692845431.989407,2.7905052,8.326673,7.982211
1692845432.089139,3.3536258,10.182977,7.9706745
1692845432.189145,2.9178782,8.593995,7.4757986
1692845432.289199,3.1182516,9.152064,7.798542
1692845432.389223,3.0026634,8.79316,7.663155
1692845432.489344,2.8495991,8.870732,6.846918
1692845432.589382,3.030384,8.852745,8.052324
1692845432.689294,3.048445,8.834586,8.232828
1692845432.789307,3.1528864,9.058726,8.388962
1692845432.889166,3.0694726,8.688776,8.232911
1692845432.989147,2.6788938,8.376949,7.806601
1692845433.089126,2.9916613,8.551013,7.9328275
1692845433.189207,3.0679893,8.721944,8.324849
1692845433.289347,3.1833713,9.503195,7.993029
1692845433.389255,3.0155585,8.986281,8.810033
1692845433.489293,2.9015298,8.307709,8.113936
1692845433.589258,3.566506,10.971706,8.964857
1692845433.689143,3.0907457,8.807374,8.496143
1692845433.789127,3.0972886,8.736315,8.171347
1692845433.889095,2.9809065,8.574284,7.7038393
1692845433.989229,3.0544245,8.843558,8.069116
1692845434.089099,3.2562654,9.23859,8.120137
1692845434.189111,2.9439921,8.410104,8.308465
1692845434.289423,3.095723,8.950113,8.174443
1692845434.389485,3.086037,9.098653,8.219751
1692845434.48953,2.9765592,8.793268,9.047322
1692845434.589305,2.9406497,8.677626,8.229199
1692845434.68932,3.147008,9.075292,7.9621243
1692845434.78915,2.9154336,8.626226,8.692259
1692845434.889067,2.6849854,7.6301947,6.98975
1692845434.98914,3.138822,9.1267,7.9702163
1692845435.089497,3.0507042,9.135644,8.2915
1692845435.189418,2.8663597,8.443638,8.081918
1692845435.289315,2.9424593,8.339635,7.956798
1692845435.389278,3.0594852,8.753402,8.212716
1692845435.48943,2.9655614,8.793667,8.33315
1692845435.589726,2.9435968,8.642305,8.234772
1692845435.689198,2.8084323,8.44013,8.317472
1692845435.789066,3.004334,8.916695,8.591511
1692845435.889174,2.5384574,7.9111695,8.530076
1692845435.989277,2.898872,9.013166,8.92043
1692845436.089115,3.1786973,9.434619,8.05216
1692845436.189307,3.0640032,9.05803,8.590726
1692845436.289297,2.876826,8.668711,8.354506
1692845436.389074,3.0017111,9.283435,8.049974
1692845436.489095,2.67577,8.084148,8.470909
1692845436.589371,3.0051427,9.315108,8.526541
1692845436.689181,2.9118094,8.519546,7.7734003
1692845436.789212,2.9628475,8.80042,7.8965507
1692845436.889099,2.8640869,8.7327385,8.448687
1692845436.989098,3.0218012,8.936042,7.5618854
1692845437.089055,3.0045788,9.026487,8.402288
1692845437.189075,2.9816508,8.852494,7.1803994
1692845437.289046,2.6376278,8.086217,8.029022
1692845437.389068,3.544084,10.883208,7.7749867
1692845437.489248,2.9252481,8.63276,8.310024
1692845437.589148,3.1158066,9.391477,7.601253
1692845437.68909,3.097905,9.348685,8.565661
1692845437.789179,3.0047605,9.132892,8.284023
1692845437.889058,3.1105528,9.912077,9.136425
1692845437.989064,2.8753452,8.811289,7.843685
1692845438.089127,2.911649,9.058924,8.258276
1692845438.18902,3.0135474,9.458958,8.264589
1692845438.289475,3.0619879,9.5863495,8.424168
1692845438.389113,3.3469377,10.140115,8.3022585
1692845438.489003,3.0938838,9.658072,8.226691
1692845438.589129,2.9567468,9.146961,8.130554
1692845438.688985,3.0972335,9.762451,8.1992
1692845438.789093,3.036717,9.8348255,8.097249
1692845438.889075,3.1822565,10.07762,8.522808
1692845438.989,3.29488,10.204903,8.395435
1692845439.089164,3.3666608,10.611037,8.636748
1692845439.189189,3.132175,9.866512,8.235147
1692845439.289114,3.4145787,10.011651,9.245536
1692845439.389075,3.3229506,10.688028,7.179911
1692845439.48903,3.5023901,11.186426,8.169022
1692845439.589045,3.6035223,11.273943,8.542507
1692845439.689017,3.3769996,10.615714,8.637383
1692845439.789215,3.6535923,11.66081,8.520587
1692845439.889629,3.621153,11.4979515,8.303101
1692845439.989149,4.5120497,13.510864,7.938913
1692845440.089038,3.6953323,11.786975,8.342192
1692845440.188969,3.6899562,11.483485,8.221964
1692845440.289029,3.517799,11.487297,10.105979
1692845440.388943,3.8810263,12.198512,8.276499
1692845440.489329,4.0093484,12.369997,8.106941
1692845440.589098,3.0199027,9.031573,6.60143
1692845440.689539,4.1805706,12.675152,8.73316
1692845440.789475,4.46945,13.666298,8.512419
1692845440.889006,3.4166129,11.476892,7.622186
1692845440.989062,3.5003483,11.206555,7.638352
1692845441.089016,4.397071,13.375436,8.505774
1692845441.189045,4.522746,13.111218,9.495965
1692845441.289007,4.1702743,12.887925,7.2121487
1692845441.38908,4.6364565,14.370571,8.608871
1692845441.489108,4.605938,13.802947,7.932279
1692845441.589137,4.6624265,14.432437,8.014612
1692845441.689127,4.303283,13.796763,8.929415
1692845441.78923,4.8402214,14.284259,8.536401
1692845441.888992,4.723934,14.06919,7.85257
1692845441.988994,4.994422,14.899142,8.677787
1692845442.088984,4.9306507,14.692523,8.481781
1692845442.189272,5.2300763,15.032708,8.759237
1692845442.321244,4.857485,14.297204,8.22596
1692845442.421161,5.176619,15.159451,8.490398
1692845442.520601,5.0017853,15.544261,8.8034935
1692845442.62063,4.9696918,15.191039,8.129799
1692845442.720708,5.084608,15.537933,10.642029
1692845442.820712,5.231372,15.52007,8.394907
1692845442.920619,5.235826,15.335263,8.622964
1692845443.020717,5.3866663,15.835195,8.9723015
1692845443.121309,4.265589,13.643873,7.8472056
1692845443.220723,5.0628467,14.728726,8.947124
1692845443.320897,5.208688,15.373377,7.8850803
1692845443.420748,5.2037554,15.79977,8.761521
1692845443.520741,5.1083646,15.177803,8.11198
1692845443.656689,5.1559105,15.1631155,7.3027463
1692845443.756517,5.3165145,15.757943,8.392505
1692845443.856687,5.210737,15.312203,7.9236727
1692845443.95671,5.423445,15.79972,8.023067
1692845444.056962,5.2266326,15.549389,7.6308546
1692845444.157015,5.2655544,15.58241,8.586956
1692845444.257013,5.19177,15.254488,8.117943
1692845444.35694,5.338496,15.6866045,8.274002
1692845444.456892,5.344173,15.581618,8.286328
1692845444.557446,4.901017,14.885115,7.264225
1692845444.657232,5.1351223,14.868663,7.895455
1692845444.757837,5.252532,15.464366,7.9136715
1692845444.857143,5.371048,15.648021,8.376354
1692845444.957146,4.639969,14.188533,10.350502
1692845445.057181,5.3681264,15.733003,8.414996
1692845445.156923,5.27035,15.887118,8.249384
1692845445.256888,5.3501453,15.870385,8.471366
1692845445.356951,5.295758,15.4618,8.086569
1692845445.457227,5.3033314,15.61411,8.533785
1692845445.557039,5.4132013,15.848569,8.68646
1692845445.657092,5.4106307,15.461652,8.556571
1692845445.757165,5.4661884,15.62507,8.597811
1692845445.856991,5.5479584,15.962405,8.636026
1692845445.95699,5.430897,15.576248,9.042031
1692845446.056917,5.239844,15.169574,9.223764
1692845446.156944,4.8195596,14.863051,9.615608
1692845446.257095,5.3723683,15.419816,8.839486
1692845446.357124,5.37936,15.408404,8.774287
1692845446.456984,5.5465755,15.809044,8.599341
1692845446.557005,4.3979077,13.160161,8.349983
1692845446.656931,5.510532,15.90986,7.6863804
1692845446.757014,5.471426,15.937861,9.279558
1692845446.856959,5.5226207,15.63317,8.413587
1692845446.956823,5.5209045,15.674823,8.464989
1692845447.056995,4.268591,12.403239,8.221153
1692845447.157025,5.0607677,15.307566,9.306338
1692845447.256968,5.4400377,15.589047,8.2606535
1692845447.357084,5.244866,15.349163,7.682377
1692845447.457007,5.3873034,15.66125,8.988307
1692845447.556915,5.4615374,15.856989,8.520094
1692845447.656921,5.4264956,15.7615185,8.686412
1692845447.756861,5.4797955,15.4647,8.387362
1692845447.856987,5.471901,16.034788,8.24879
1692845447.956971,5.3527374,15.741579,8.5802
1692845448.056923,5.354973,15.631922,8.158432
1692845448.156969,5.4812393,15.905496,8.35791
1692845448.256948,5.391449,15.755885,8.835199
1692845448.356953,5.57171,16.02972,8.833468
1692845448.456968,4.621689,13.119529,6.6287413
1692845448.557044,5.15606,15.200815,8.327045
1692845448.657241,5.307678,15.75629,8.874161
1692845448.75713,5.358731,15.842227,8.117566
1692845448.857045,5.3922706,16.002348,8.7423935
1692845448.956452,5.3660336,15.868026,8.339211
1692845449.056744,5.3351283,15.480611,8.406366
1692845449.156862,4.891723,15.254735,9.631953
1692845449.256953,5.2553754,15.775553,9.034979
1692845449.35693,4.8130655,14.295627,8.571775
1692845449.45711,5.056325,14.97535,9.106532
1692845449.556889,5.5362816,16.370531,9.682008
1692845449.656934,5.48196,15.869695,8.330274
1692845449.756957,5.35973,15.478163,9.089908
1692845449.856851,5.2235146,15.662304,8.973627
1692845449.956791,5.3911757,16.381887,8.582685
1692845450.056815,4.993647,14.9785185,8.478571
1692845450.156815,5.0328035,14.912487,8.789143
1692845450.256894,5.1811028,15.069324,7.211305
1692845450.357132,5.2949915,15.636328,8.754451
1692845450.456879,5.2457714,15.721298,8.706701
1692845450.557054,5.068681,15.088063,8.549739
1692845450.657073,5.236187,15.0630045,7.678158
1692845450.757004,5.3690815,16.138044,8.730144
1692845450.857041,5.5022707,15.8547535,9.941
1692845450.956952,5.3314934,15.761186,8.828364
1692845451.057038,5.1560845,15.086806,10.203756
1692845451.157298,5.534627,16.003248,9.009378
1692845451.256921,5.218622,15.991116,9.965483
1692845451.356764,5.4656754,15.45567,8.276123
1692845451.457603,5.11318,15.782195,9.507404
1692845451.556777,5.2740254,15.746475,9.068453
1692845451.656777,5.186121,15.34132,10.017024
1692845451.756729,4.903411,14.743402,9.577467
1692845451.856968,4.6393476,13.130355,7.832793
1692845451.956928,5.1287193,15.140942,8.216599
1692845452.056916,5.3377757,15.904964,10.399197
1692845452.156891,5.336749,15.716498,8.49088
1692845452.25686,5.183595,15.503977,8.178
1692845452.356703,5.1999574,15.328581,7.9880505
1692845452.456787,5.573974,16.210814,9.0959835
1692845452.556919,5.50646,15.912155,8.30617
1692845452.657024,5.4032145,15.805649,8.052836
1692845452.757273,5.414785,15.826957,8.477707
1692845452.856873,5.6013374,16.273787,8.66985
1692845452.956732,5.4426336,16.181162,10.473871
1692845453.056698,5.2957416,15.3208,8.217436
1692845453.15695,5.278119,16.065145,10.142837
1692845453.256721,5.1559772,15.478496,8.190411
1692845453.356762,5.182486,15.665925,8.610348
1692845453.457436,5.276823,15.643163,8.096823
1692845453.557036,5.157225,15.313084,10.121699
1692845453.656962,5.1830792,15.846601,7.9344974
1692845453.756965,5.001528,15.373889,9.066924
1692845453.856851,4.1824102,12.634393,8.7091675
1692845453.956882,4.5970426,14.191206,8.220653
1692845454.05692,5.125334,15.767135,8.648534
1692845454.156881,5.1129913,15.158823,8.823799
1692845454.257072,5.292294,15.699101,8.802902
1692845454.35701,5.2579875,15.167559,8.478687
1692845454.456871,4.782911,14.569869,9.205208
1692845454.556736,5.18916,15.435326,8.271632
1692845454.656839,5.1850643,15.381525,8.538356
1692845454.756713,5.072855,14.602936,8.935343
1692845454.856699,5.2786593,15.590022,8.831993
1692845454.956797,5.1519117,15.460047,9.056617
1692845455.056927,4.3002954,14.011068,9.130006
1692845455.156878,4.946036,14.30166,9.834772
1692845455.256894,4.955528,14.40129,8.412111
1692845455.356817,5.1487913,15.203935,8.717078
1692845455.456837,4.080935,12.828739,8.195693
1692845455.556822,4.4037933,13.685136,8.260954
1692845455.656757,5.2587714,15.223453,8.675743
1692845455.756685,5.317397,15.862494,8.59634
1692845455.856785,5.2365866,15.570168,8.855653
1692845455.956826,5.1787844,15.48224,8.822664
1692845456.056771,5.1452904,15.211459,7.7781816
1692845456.156781,4.8512635,15.152343,10.168421
1692845456.256842,5.3951607,15.601078,8.354587
1692845456.356803,5.3353233,15.810676,8.14144
1692845456.456647,4.8375616,15.292733,13.906266
1692845456.556668,5.3173575,15.662224,8.422101
1692845456.65679,5.744109,16.337004,10.549914
1692845456.756962,5.053137,15.053746,8.306717
1692845456.856854,4.8449407,14.523119,8.2413435
1692845456.95679,5.0599523,14.966961,8.482475
1692845457.056838,5.1630335,15.430081,8.412106
1692845457.156664,5.2460375,15.319064,9.121052
1692845457.256916,5.092822,15.517489,8.790756
1692845457.356821,5.3357186,15.99989,8.806926
1692845457.456981,5.3293123,15.6798935,8.50662
1692845457.557104,5.2603197,15.75656,9.064064
1692845457.656978,5.3831334,15.9217415,9.547589
1692845457.756819,5.444988,15.888083,8.609041
1692845457.856997,5.311435,15.821889,8.77667
1692845457.957006,5.3517113,16.376131,9.016052
1692845458.056975,5.1250134,15.420168,8.2949705
1692845458.156924,4.882531,14.851506,9.030088
1692845458.25685,5.2367477,15.744128,8.185027
1692845458.356778,5.386238,15.734101,8.344333
1692845458.456849,5.569706,16.397219,8.863916
1692845458.556814,5.3517647,15.751383,8.142389
1692845458.656921,5.154815,15.205018,7.7800784
1692845458.756756,5.203642,15.479801,8.306
1692845458.856584,5.059743,15.09833,8.815143
1692845458.956751,5.1859546,15.663638,8.092495
1692845459.056731,5.2515354,15.952257,8.449317
1692845459.156937,4.814469,14.849284,8.796202
1692845459.256813,4.5158944,13.314147,8.609229
1692845459.356764,4.9796877,15.060951,8.397814
1692845459.456749,5.2035375,15.592396,9.224357
1692845459.556763,5.1793427,15.352231,8.320051
1692845459.656634,5.1183753,15.780922,7.6637955
1692845459.756941,5.3745775,15.619504,8.073365
1692845459.856718,5.5117674,16.076197,8.966003
1692845459.956764,5.008732,15.628711,11.119574
1692845460.057112,5.07506,15.211612,8.859902
1692845460.156786,5.485545,15.86839,8.689119
1692845460.256783,5.2957797,15.788963,8.977895
1692845460.356705,5.0964947,15.557332,8.118493
1692845460.456704,5.3705025,15.53807,8.937805
1692845460.55677,4.993601,15.055298,8.2834425
1692845460.656725,4.77125,14.602402,8.243995
1692845460.75686,5.3850474,15.565732,8.011701
1692845460.856835,5.1021876,15.000004,9.058482
1692845460.956784,5.117232,14.732363,9.744753
1692845461.056731,5.2792826,15.543279,8.621859
1692845461.157113,5.4198117,15.960424,7.9496546
1692845461.256275,5.597901,16.019327,8.802322
1692845461.356432,5.3892403,15.7623,8.313479
1692845461.456974,4.5791354,14.367387,6.6845627
1692845461.55666,5.2537065,15.8966055,8.270068
1692845461.656637,5.360306,15.68547,8.77495
1692845461.757147,5.295582,15.447108,7.8716536
1692845461.856412,5.1602654,15.137958,8.55657
1692845461.95685,5.7182727,16.60545,9.203018
1692845462.056415,5.3531284,15.761522,8.828493
1692845462.156849,5.1452365,15.003787,8.1781645
1692845462.256636,5.399987,15.897004,7.8462415
1692845462.356715,5.436682,15.855101,8.408564
1692845462.456525,5.2085614,14.95496,10.196764
1692845462.556536,5.168892,14.955416,8.610048
1692845462.656456,5.2893076,15.482487,9.273213
1692845462.756502,5.206595,16.230124,8.924925
1692845462.856488,5.2018633,15.303666,8.543675
1692845462.96054,5.205755,15.796508,8.700083
1692845463.060861,4.936429,14.691935,9.018078
1692845463.161226,5.0644555,15.207902,10.005844
1692845463.260643,5.174046,15.277889,9.100586
1692845463.36085,5.274013,16.432522,9.183365
1692845463.46104,5.3424873,15.792859,8.506466
1692845463.560865,4.9298763,15.012315,10.466269
1692845463.661169,5.225626,15.347684,8.737399
1692845463.760777,5.268227,15.244103,8.295423
1692845463.860925,4.961621,14.952038,8.162564
1692845463.960792,4.6882114,14.731984,9.516636
1692845464.060843,5.36857,15.972052,9.881194
1692845464.160999,5.3351703,15.610551,8.384284
1692845464.261141,4.9630537,14.949613,8.548427
1692845464.360639,5.0806212,15.064898,7.9690537
1692845464.460728,5.233398,16.493486,10.192639
1692845464.560998,5.496969,15.754975,8.64702
1692845464.658301,5.306254,15.245132,8.486759
1692845464.756626,5.2417755,15.643042,8.876045
1692845464.856396,5.2153053,15.538338,8.632054
1692845464.956383,5.2770643,15.6319,8.638133
1692845465.056337,4.908133,15.471709,8.8966675
1692845465.156497,5.02042,14.44485,8.37804
1692845465.256358,5.3294144,15.85575,8.409443
1692845465.35634,5.430019,15.9661,8.274171
1692845465.456508,5.510154,16.096422,9.333714
1692845465.556675,5.476965,15.808433,8.557608
1692845465.656561,5.18192,15.494267,8.146102
1692845465.756563,5.240544,15.465585,8.299377
1692845465.856492,5.2436233,16.116985,8.803371
1692845465.956339,5.3019238,15.647497,8.89439
1692845466.056395,5.095334,14.644827,8.566944
1692845466.156283,5.402638,15.369648,8.629557
1692845466.256419,5.363101,15.547019,8.527913
1692845466.356459,4.900801,13.77507,10.300341
1692845466.456345,5.06464,15.510818,8.972023
1692845466.556474,5.4139767,15.664867,8.840435
1692845466.656333,5.456064,15.913243,8.794987
1692845466.756416,5.0187044,14.943934,7.8090606
1692845466.856423,4.5263834,14.6295395,8.369202
1692845466.956387,5.6061134,16.085468,8.25407
1692845467.056424,5.18615,16.084162,9.154569
1692845467.156522,5.446439,17.019203,10.472093
1692845467.256324,4.9917107,15.771417,8.265952
1692845467.356308,5.381085,15.906735,8.874548
1692845467.456346,4.4722266,13.766961,7.7641473
1692845467.556293,5.278459,15.411333,9.189316
1692845467.656374,5.3166585,15.46507,8.330708
1692845467.75627,5.3730865,16.234629,9.339795
1692845467.856483,4.4413557,13.60522,8.572101
1692845467.95663,4.376166,14.100684,8.668715
1692845468.056387,5.5078387,15.616207,9.533298
1692845468.156555,5.498657,16.340658,8.928997
1692845468.256576,5.3248386,15.990935,8.922448
1692845468.356242,5.239512,15.878233,8.5472145
1692845468.45641,5.428815,15.816197,9.841223
1692845468.556378,5.5745826,16.160458,8.239375
1692845468.656527,5.4703164,16.042381,8.888296
1692845468.756911,5.372446,15.340297,8.654101
1692845468.856433,5.4255877,15.49549,8.808936
1692845468.956568,5.472519,16.353392,8.568572
1692845469.056242,5.4151826,16.592072,8.769614
1692845469.156683,5.206616,15.5032835,8.532541
1692845469.256463,5.537443,15.852498,8.676967
1692845469.3563,5.6325483,16.341505,8.599224
1692845469.456488,5.301204,14.97136,7.867488
1692845469.556984,5.521722,16.285946,10.935266
1692845469.656204,3.7927642,11.625047,8.168686
1692845469.756386,5.645517,17.218664,9.313349
1692845469.856271,5.6678314,16.98006,9.234654
1692845469.956352,5.445382,15.405994,8.694126
1692845470.05627,5.3649015,15.622554,8.527403
1692845470.156335,5.452274,15.517919,8.499197
1692845470.256431,5.121679,15.227036,8.641595
1692845470.356583,5.125408,15.355408,7.988434
1692845470.456377,5.2285485,15.660909,7.95823
1692845470.556532,5.3310637,17.068495,13.774891
1692845470.656415,5.0524526,16.285418,9.869616
1692845470.756358,5.404085,15.867959,8.433199
1692845470.856445,5.254955,15.229568,8.01756
1692845470.956256,4.930967,15.435035,9.171334
1692845471.056518,5.503901,16.011707,8.760429
1692845471.156591,5.2046595,15.259789,7.89045
1692845471.256454,4.9303455,14.555089,8.323452
1692845471.356485,5.5104766,15.439414,9.029248
1692845471.456422,5.2636724,16.132784,8.426501
1692845471.55638,5.3881063,16.055805,8.644835
1692845471.656369,5.062277,14.841002,8.201785
1692845471.756372,4.835639,14.007687,8.301395
1692845471.856527,5.4698277,15.866897,8.49677
1692845471.956661,4.169896,12.999101,7.6888986
1692845472.056499,5.0832787,15.4559965,8.676407
1692845472.156779,5.2027764,15.741807,7.7222385
1692845472.256477,5.184875,15.07332,7.45053
1692845472.35663,5.2826905,15.341539,8.536032
1692845472.456439,5.159311,15.410777,7.745862
1692845472.556297,2.7055147,6.737182,7.626435
1692845472.656644,5.9573426,17.849272,10.519675
1692845472.756532,5.361681,15.285358,8.60126
1692845472.856237,5.2166357,15.627898,9.432049
1692845472.956441,5.4268484,15.895689,9.089411
1692845473.056391,5.1313553,14.75557,8.418645
1692845473.160712,5.141726,15.973144,8.542854
1692845473.260536,5.1398664,15.585271,9.161408
1692845473.360561,5.164891,15.731256,8.458961
1692845473.460807,5.0365596,15.917289,8.781056
1692845473.560712,5.4526,15.996984,8.492841
1692845473.660655,5.2188783,15.7629385,9.502261
1692845473.760967,5.233037,15.075659,7.799055
1692845473.86073,5.219141,16.106915,11.522863
1692845473.960783,5.50613,15.907978,8.41677
1692845474.060567,5.2286777,15.489909,8.624192
1692845474.160591,5.1400847,15.605112,9.641726
1692845474.260763,4.622468,13.98308,6.2331047
1692845474.360805,5.5336347,15.836953,8.697285
1692845474.460449,5.2617583,16.23694,9.980615
1692845474.556604,5.122891,15.34379,8.68438
1692845474.656753,5.2997212,15.848329,8.827578
1692845474.756587,5.006586,14.579629,8.687327
1692845474.856549,4.7496834,13.935844,8.317369
1692845474.956839,5.3277173,15.645532,9.680717
1692845475.05669,5.2798114,15.629101,8.820896
1692845475.156794,5.432849,15.588237,8.607426
1692845475.256712,5.0601187,15.157182,8.866863
1692845475.35673,4.6047077,14.636798,8.366341
1692845475.45673,5.528479,16.095661,8.298636
1692845475.55662,5.6200814,16.450098,8.719889
1692845475.656704,5.368532,15.24853,8.7428
1692845475.75659,5.1340823,14.877357,8.660265
1692845475.856822,5.432221,16.70045,8.889721
1692845475.956789,4.8985796,14.189696,8.137408
1692845476.056701,4.875394,14.393185,8.320909
1692845476.156604,5.062085,14.6730995,8.602155
1692845476.256666,5.351651,16.122564,9.148442
1692845476.356614,5.3763533,15.697611,8.246102
1692845476.456695,5.3011217,15.414853,8.132944
1692845476.556682,4.565175,13.669181,8.240318
1692845476.656791,5.116509,15.422222,10.199453
1692845476.756749,5.453561,16.522684,9.000306
1692845476.856728,5.6265163,16.788464,8.9661875
1692845476.956648,5.0242357,16.69845,9.719549
1692845477.056652,5.595045,15.424517,8.37227
1692845477.156615,5.3832088,15.906024,9.300136
1692845477.25675,5.191001,15.294656,8.459869
1692845477.356784,5.0876255,15.049059,9.135702
1692845477.456852,4.9264765,15.052604,8.595814
1692845477.556845,5.33174,15.678329,8.199831
1692845477.656639,4.595591,14.049026,11.474027
1692845477.756636,5.008267,14.063598,9.812806
1692845477.856595,4.2579575,13.144229,8.493963
1692845477.956657,5.6995654,16.238491,8.485346
1692845478.056544,5.560495,15.732164,8.363802
1692845478.156624,5.5587497,16.20965,9.009949
1692845478.256757,4.498093,13.657336,6.7315245
1692845478.356668,5.3634644,15.556879,9.405656
1692845478.456606,5.2751346,15.327215,8.466795
1692845478.556705,5.4273596,16.06006,9.241449
1692845478.656599,5.596219,16.382017,9.910271
1692845478.756608,4.910415,15.968805,11.5081215
1692845478.856757,5.2160845,14.574021,8.505997
1692845478.95655,5.536547,15.151985,8.4679575
1692845479.056752,5.266176,14.524614,8.469658
1692845479.156848,5.108134,14.604063,8.293305
1692845479.256713,5.1291037,14.48761,8.134012
1692845479.356677,4.5829844,13.752963,11.326627
1692845479.456654,5.4578233,15.589021,8.875822
1692845479.55654,5.3305035,14.666929,9.175808
1692845479.656537,5.082941,14.34908,8.410426
1692845479.756544,4.8719387,13.162711,8.256128
1692845479.856809,4.163274,12.979442,10.871323
1692845479.956698,5.0519323,15.506719,10.456588
1692845480.056754,5.0621653,13.851129,8.894858
1692845480.156708,4.6552763,12.962254,8.98244
1692845480.256614,4.4844694,13.061755,8.3304825
1692845480.356726,4.903602,13.330581,8.803068
1692845480.456751,4.774642,13.984064,8.337091
1692845480.556748,4.851864,13.964459,8.935029
1692845480.656612,4.756424,13.901349,8.880038
1692845480.756724,4.569717,11.67968,9.558737
1692845480.856699,4.5669074,12.403665,8.823715
1692845480.956778,4.602723,12.852475,8.696444
1692845481.0568,4.324955,12.779947,8.924299
1692845481.156501,4.3565183,12.801085,8.952067
1692845481.256448,4.6568494,12.154224,8.349059
1692845481.356382,3.1460235,9.216276,7.423666
1692845481.456571,4.1620507,13.631816,9.342408
1692845481.556594,5.3116846,16.33659,12.853439
1692845481.656575,4.090938,11.155865,8.417238
1692845481.756486,4.4167337,12.938463,8.163596
1692845481.856515,5.071945,14.542334,8.821747
1692845481.956529,4.8644,13.661423,8.408568
1692845482.056077,4.7434425,13.134168,8.2234535
1692845482.1568,4.914148,15.2138815,12.605348
1692845482.256817,3.7835057,10.911794,11.050179
1692845482.356946,4.3649673,13.860495,7.8894367
1692845482.456606,4.065219,12.035961,9.792912
1692845482.556849,4.4857697,12.607987,9.09846
1692845482.65664,2.9109914,9.039066,8.15921
1692845482.756615,3.8719351,9.60171,8.515042
1692845482.856509,3.0610335,8.2938795,8.595612
1692845482.956556,3.505379,9.433168,8.479592
1692845483.056847,3.4426427,9.42164,9.520132
1692845483.157342,3.1944458,8.267667,8.139904
1692845483.256701,3.045206,8.877567,8.502232
1692845483.356625,3.2553883,8.076921,8.697211
1692845483.456581,3.6369832,9.298999,8.120362
1692845483.556596,2.7445815,7.4001875,7.779836
1692845483.65594,2.8365245,7.792791,10.08336
1692845483.75647,3.4546387,8.8201685,8.606484
1692845483.856615,2.895029,7.9133353,7.809475
1692845483.956604,2.967844,8.023754,9.093002
1692845484.056551,2.6721835,6.8014894,8.798192
1692845484.156584,2.7761395,7.131867,7.9129653
1692845484.256607,2.6771307,7.0321465,8.437847
1692845484.356474,3.2229114,8.4190855,8.810771
1692845484.456644,3.052892,7.720146,8.360131
1692845484.556485,2.4913719,6.6042233,8.215867
1692845484.656928,3.3000216,8.287733,7.704969
1692845484.756566,2.8881342,7.5162907,8.942712
1692845484.856508,2.8597665,7.827335,9.139142
1692845484.956538,2.9514086,8.0582905,11.149051
1692845485.056486,2.3513415,6.6513796,8.128492
1692845485.156525,2.389406,6.360174,7.1763787
1692845485.256482,1.7618665,5.2536745,8.206217
1692845485.356455,1.8698609,5.658727,8.699918
1692845485.456555,1.786365,5.709989,8.543848
1692845485.556574,2.444042,6.7214065,8.452072
1692845485.656563,2.2023294,6.2208834,8.777592
1692845485.756481,2.0878415,6.0130963,8.330596
1692845485.856534,2.068693,5.8773513,8.480827
1692845485.956518,2.2332895,6.487777,8.972434
1692845486.056416,1.765197,5.5281696,8.191693
1692845486.156535,1.266809,4.8113046,8.60609
1692845486.256578,1.5958437,4.961637,8.120113
1692845486.356617,1.3645802,4.7069445,8.339812
1692845486.456486,0.98174936,3.6990118,9.083768
1692845486.557119,1.4475698,5.1693563,8.32074
1692845486.656551,1.4179583,4.6511908,9.342225
1692845486.756436,1.5332415,4.6147623,8.915423
1692845486.856626,1.3811196,4.7394505,8.320073
1692845486.956606,1.0185404,3.9874024,8.733689
1692845487.056876,0.8835662,3.3886702,8.763066
1692845487.15675,0.9254753,3.5753067,8.569986
1692845487.256714,0.8345939,3.576941,7.903009
1692845487.35732,0.86733055,3.5158267,8.468073
1692845487.456714,0.8612622,3.4111345,8.2486
1692845487.556656,0.7130316,3.1417863,8.556003
1692845487.656607,0.9803998,3.8344018,8.477187
1692845487.757905,0.7194054,3.195507,8.398003
1692845487.856763,0.5608411,2.8544693,8.644465
1692845487.956829,0.88493043,3.5846384,8.196453
1692845488.056722,0.5459443,2.359819,8.752975
1692845488.156484,0.6965952,2.986357,8.798666
1692845488.256434,0.78308815,3.4364371,8.912499
1692845488.356501,0.65237796,3.0294201,8.615797
1692845488.456377,0.86608404,3.2378814,8.611775
1692845488.556482,0.54809463,2.4682946,8.530348
1692845488.656505,0.9889435,3.2126572,8.777585
1692845488.756796,0.6343113,2.5443313,8.139796
1692845488.856678,0.59012336,2.0726113,8.180389
1692845488.956493,0.6788782,2.449611,8.672607
1692845489.056505,0.5814269,2.0617545,8.818744
1692845489.156471,0.40512365,1.784705,8.844645
1692845489.256397,0.44757196,1.962406,8.397908
1692845489.356477,0.4476247,1.7188034,9.03687
1692845489.45658,0.49985272,2.4473438,9.593488
1692845489.55654,0.8124614,2.552663,9.541761
1692845489.656542,1.2602177,3.8783798,6.64617
1692845489.75666,0.39650822,1.4301378,8.870445
1692845489.856444,0.26275393,1.191633,8.435136
1692845489.956489,0.27219206,1.1307317,8.449693
1692845490.056443,0.37796032,1.4992275,8.40023
1692845490.15638,0.1227203,0.86049044,8.565822
1692845490.256475,0.37848216,1.0293361,8.303146
1692845490.356624,0.2841196,0.9894466,8.172386
1692845490.456471,0.1387829,0.92011124,7.9965796
1692845490.556447,0.25131986,0.9146654,8.358376
1692845490.656401,0.19667554,0.83305806,8.163766
1692845490.756624,0.14167032,0.662252,8.194051
1692845490.856655,0.14263463,0.2618476,8.638945
1692845490.956625,0.082385644,0.22382347,7.9289
1692845491.056697,0.04065741,0.40663216,8.19454
1692845491.156567,0.1630516,0.4522712,7.980207
1692845491.256556,-0.015013393,0.11026651,8.072642
1692845491.35643,0.15390022,0.06997903,8.218806
1692845491.456457,-0.005637523,-0.30792585,7.9324956
1692845491.556442,0.36111894,1.2748599,8.3452835
1692845491.656286,0.31819522,0.83962595,8.289238
1692845491.756561,-0.010098014,-0.09918281,8.423656
1692845491.856421,-0.028557941,-0.20470753,8.101852
1692845491.956553,0.024307009,-0.15336291,8.62101
1692845492.056524,0.0022764988,-0.35992327,7.907987
1692845492.156332,-0.07753037,-0.18563072,8.531504
1692845492.256319,0.09398277,-0.17973566,7.983319
1692845492.356306,-0.031549506,-0.31480458,8.285443
1692845492.456556,0.051116265,-0.18175559,8.386592
1692845492.556269,0.048760094,-0.27991918,8.224608
1692845492.656378,0.001755882,-0.27463463,8.560469
1692845492.756594,0.045580663,0.015925152,8.268288
1692845492.856516,0.08600974,-0.06648901,8.022202
1692845492.956378,0.0339894,-0.11148515,7.9476285
1692845493.056294,0.034297172,-0.20500536,8.109913
1692845493.156292,-0.0041503236,-0.15939672,8.388221
1692845493.256384,0.11100118,0.08865081,8.352216
1692845493.356424,-0.011890557,-0.11834024,8.346891
1692845493.456532,0.13129081,-0.19800319,8.568638
1692845493.556637,0.12848656,0.15867525,8.545688
1692845493.65654,0.1330886,-0.13340463,8.099675
1692845493.756569,0.09912348,0.13028318,8.506493
1692845493.85658,0.09250389,-0.099605605,8.568439
1692845493.956463,0.18499461,0.13526683,8.461951
1692845494.056395,0.071009815,-0.1936553,8.481775
1692845494.156563,0.051391575,-0.11993958,8.183442
1692845494.2565,0.026059374,-0.17996737,8.294529
1692845494.356712,0.053081475,-0.06568383,8.288553
1692845494.456642,0.14575702,-0.0044846255,8.40525
1692845494.556499,0.19084823,0.079615146,9.828661
1692845494.656396,0.08966692,-0.061233014,8.481933
1692845494.756734,-0.030114781,-0.17935303,8.411654
1692845494.856574,0.118977174,-0.043945007,8.48055
1692845494.956331,0.2580779,0.18777288,8.243859
1692845495.056556,0.07892743,0.2720624,8.016415
1692845495.15664,0.13618341,0.48138395,8.347376
1692845495.256504,-0.117947966,-0.26764238,8.411747
1692845495.356486,-0.012824345,-0.11559431,8.387898
1692845495.455855,0.034376528,-0.08600469,8.385599
1692845495.555928,-0.039757956,-0.10858934,8.215941
1692845495.656062,0.027160842,-0.02911091,8.699802
1692845495.75604,0.010194395,-0.060118772,8.662099
1692845495.856358,-0.02809174,-0.1616863,8.367433
1692845495.956802,0.017793998,-0.006832676,8.397925
1692845496.056273,-0.0717835,-0.19667903,8.535177
1692845496.156169,0.01048262,-0.08382714,8.389019
1692845496.256109,0.008978117,0.026705695,8.218661
1692845496.356204,0.012493281,-0.051666602,8.100472
1692845496.456385,0.040313803,-0.119565874,8.524964
1692845496.556378,-0.03693592,0.17585818,8.533136
1692845496.656503,0.07972894,-0.0053105373,8.466693
1692845496.756505,-0.120091185,-0.39348212,8.534426
1692845496.856467,-0.008436184,0.056303486,8.384715
1692845496.956384,-0.07121615,0.037007898,8.034356
1692845497.056313,-0.12865645,-0.4126157,8.571865
1692845497.156266,-0.059423987,-0.116731614,8.506775
1692845497.256218,-0.1216158,-0.04534942,7.6531343
1692845497.388324,0.087257385,0.031228526,8.240292
1692845497.488731,0.29109967,-0.033271328,8.320143
1692845497.58884,0.22141284,0.20090468,8.70097
1692845497.688408,-0.034818698,-0.101338424,8.698839
1692845497.78842,0.27664787,0.36584094,8.884918
1692845497.888986,0.45456523,0.9941485,9.362686
1692845497.988417,-0.11918627,-0.040808134,8.624123
1692845498.088461,-0.11096169,-0.14038612,8.52682
1692845498.188439,0.052449618,0.19317783,8.3939295
1692845498.28872,0.32965276,0.5173913,8.048069
1692845498.388536,0.11247054,0.11391848,8.597326
1692845498.488461,-0.11892402,-0.16832714,8.373566
1692845498.588535,-0.07347585,0.17931566,8.097349
1692845498.68837,0.31100816,0.10144888,8.28414
1692845498.788395,-0.018541798,-0.20526452,8.92676
1692845498.891685,-0.16516796,-0.27859756,8.414158
1692845498.988389,0.12495065,0.30461064,8.384767
1692845499.088487,-0.010009434,-0.060844928,7.809169
1692845499.188744,0.07099283,-0.024876015,7.858734
1692845499.288385,0.1032176,0.12113266,8.653261
1692845499.388578,-0.02804029,0.17705703,8.599225
1692845499.488417,-0.29089496,-0.6809908,8.781015
1692845499.588633,-0.11271641,-0.0361569,8.603649
1692845499.688367,0.17320369,0.011814116,8.389026
1692845499.788355,0.029090296,0.18560268,8.690861
1692845499.888564,0.08691439,0.42529058,8.352573
1692845499.988505,0.16945589,0.47874755,8.330647
1692845500.088402,0.12057686,-0.05463946,8.371086
1692845500.187907,0.062347155,0.30958316,7.9772377
1692845500.288002,0.04183396,0.20065463,8.135658
1692845500.38806,-0.025985971,0.44041058,8.462608
1692845500.488055,0.09640351,0.4478485,8.369488
1692845500.588144,-0.042010687,0.3572565,8.264736
1692845500.687986,0.3943853,0.85303,7.751089
1692845500.788164,0.35992575,1.331425,8.903037
1692845500.888157,0.4479151,0.9454952,8.47191
1692845500.988046,0.28066915,0.8813537,8.387969
1692845501.08796,0.27623448,0.9394382,8.714368
1692845501.188188,0.2758079,1.001707,8.109406
1692845501.287941,0.43895134,1.3462725,8.329739
1692845501.387937,0.17244066,0.88279235,7.9407535
1692845501.488023,0.3600511,1.4450364,8.062192
1692845501.588097,0.5163597,1.8913676,8.922884
1692845501.688142,0.16720214,1.1671044,8.614364
1692845501.788466,0.26901037,1.0947713,9.004798
1692845501.888135,0.43998548,1.4143791,8.456375
1692845501.98806,0.23852059,0.9288007,7.8731265
1692845502.08827,0.71231574,2.0242963,8.075259
1692845502.188068,0.2601389,1.1075087,8.06407
1692845502.288054,0.6851625,2.4188907,8.558517
1692845502.388268,0.20902425,1.5410109,7.804589
1692845502.488126,0.46334484,1.7353083,8.619473
1692845502.588305,0.71293163,2.460826,9.007364
1692845502.688265,0.5961776,2.3133216,8.298206
1692845502.788113,0.8516769,3.2658117,7.382772
1692845502.888013,0.94722056,3.756739,7.6358213
1692845502.988043,0.535316,2.431022,7.7836795
1692845503.088107,0.4482082,2.0263505,7.7646317
1692845503.189438,0.770814,2.9682798,7.180897
1692845503.288068,1.1223017,3.8705914,8.832497
1692845503.387943,1.5192883,5.080198,9.184125
1692845503.488244,1.2070484,3.4311361,8.42171
1692845503.588085,1.5431799,4.5856,9.580308
1692845503.688035,1.2919657,3.8278823,11.398107
1692845503.787993,0.8505822,3.4519837,9.9218445
1692845503.887971,1.7374268,6.550048,8.652042
1692845503.98807,1.7234524,5.987027,9.118161
1692845504.088005,1.9146261,5.925936,8.310473
1692845504.188389,2.3733895,7.5019975,9.419371
1692845504.28841,2.0370834,7.0050583,8.614555
1692845504.388374,1.4817587,4.9347467,8.729857
1692845504.488297,2.332618,7.1440096,9.769283
1692845504.588448,1.5071628,5.127259,7.2755156
1692845504.688519,1.7421992,5.6551676,8.192133
1692845504.788525,1.8614435,6.2502384,8.66404
1692845504.888381,1.4876254,5.4203715,8.836259
1692845504.988357,1.533587,5.433055,8.661743
1692845505.088407,1.2820767,4.4767747,10.642733
1692845505.188333,1.8222855,6.2161746,8.998423
1692845505.288631,1.5582862,5.2779207,8.3406
1692845505.388402,1.598805,6.3433156,8.225391
1692845505.488437,2.4660323,7.633418,8.437455
1692845505.588481,2.619744,8.175625,9.131427
1692845505.688561,2.2714841,7.56305,8.945637
1692845505.788763,1.6880429,5.5654993,9.046264
1692845505.888847,2.2908494,7.932306,9.2604475
1692845505.988593,2.6115005,8.806262,8.908619
1692845506.088447,2.8783643,9.061775,8.560182
1692845506.188513,2.6172242,8.66585,8.901619
1692845506.288722,2.092703,6.9615707,8.53742
1692845506.388925,4.118673,13.107089,9.731341
1692845506.488576,3.1980698,10.549393,6.980693
1692845506.588772,2.1640625,8.062072,7.6257496
1692845506.68838,3.2105641,10.60737,9.907566
1692845506.78826,3.2592695,9.918387,9.149997
1692845506.888263,2.5919816,8.2253895,7.7285633
1692845506.988683,4.203116,14.456442,14.425653
1692845507.088944,3.9675577,12.370984,8.546548
1692845507.188572,3.3381746,9.577505,8.979739
1692845507.288346,2.9294066,9.668175,9.864807
1692845507.388302,2.5795848,9.636019,8.135439
1692845507.488334,2.5120306,8.764108,11.043682
1692845507.588563,2.6772008,8.933309,12.587235
1692845507.688409,2.4789913,8.759049,7.617303
1692845507.788325,4.237812,13.622925,8.823687
1692845507.888478,3.14453,10.963417,9.424363
1692845507.988464,3.0863893,8.564773,9.581444
1692845508.08838,3.1292763,10.240807,8.3336735
1692845508.1887,2.4880717,9.262919,7.6348186
1692845508.288465,2.9881532,10.460009,8.551168
1692845508.388314,2.1087143,7.642227,7.996891
1692845508.49311,2.9493265,9.702485,9.300065
1692845508.593122,2.3363419,7.9996405,9.418554
1692845508.688108,3.153242,11.079046,8.732035
1692845508.788481,2.9963913,10.11449,9.468965
1692845508.888268,3.3233747,11.094839,7.71211
1692845508.988262,3.3592525,11.938852,8.994165
1692845509.088309,3.085941,10.707185,7.149505
1692845509.188193,2.8577342,9.301683,15.930386
1692845509.288194,4.180253,11.860206,10.359203
1692845509.388283,3.2065027,11.320048,7.729453
1692845509.48843,3.9652526,12.067726,9.862982
1692845509.588301,4.1487617,12.28616,8.401698
1692845509.688304,3.2636755,11.424009,8.195449
1692845509.788229,3.5929372,11.325442,8.922256
1692845509.888215,4.9377556,15.142584,8.867591
1692845509.988287,4.1032777,14.160019,8.445416
1692845510.088199,4.5420437,14.797857,14.014159
1692845510.188227,3.3649354,10.974728,10.181045
1692845510.288298,3.3643434,10.999191,8.02356
1692845510.38834,3.1841874,11.808372,8.945713
1692845510.488345,4.2917027,12.91682,10.100228
1692845510.588302,4.742423,14.84323,8.527629
1692845510.688282,4.5244474,14.991152,8.103573
1692845510.788222,3.3399944,11.456435,9.070821
1692845510.88859,3.4569712,11.571105,8.287558
1692845510.989206,3.9922297,13.892043,8.861945
1692845511.088315,4.416839,15.131771,9.183866
1692845511.188436,3.8088582,12.397768,14.005385
1692845511.288283,3.5864575,11.917026,13.314246
1692845511.388261,4.5777063,13.96518,8.611582
1692845511.488273,4.78621,15.502536,8.572921
1692845511.588285,4.419655,15.035312,9.98411
1692845511.688302,2.8878624,10.180164,7.552972
1692845511.788469,3.4603212,12.847759,7.7286835
1692845511.888523,4.8630013,16.825262,10.6490555
1692845511.988487,3.6864278,10.609872,10.182176
1692845512.088299,4.209017,15.134639,8.429761
1692845512.188266,3.615176,13.176617,10.105219
1692845512.288254,2.125604,7.604356,10.057336
1692845512.388192,4.1536913,15.173269,8.104296
1692845512.488182,4.1294107,13.890739,7.7009573
1692845512.588201,4.231259,15.838038,9.008716
1692845512.688285,4.0448422,15.036438,8.706878
1692845512.788499,4.3191385,15.1564455,8.507902
1692845512.888399,4.39509,15.016918,7.918704
1692845512.988293,4.730886,15.83397,8.463132
1692845513.088277,4.5059495,15.362419,8.664946
1692845513.188171,4.703845,15.80875,8.528925
1692845513.288216,4.073516,15.244255,9.4048605
1692845513.388151,4.4927893,15.385705,8.589627
1692845513.488275,4.2655697,15.436872,8.477678
1692845513.588673,4.174546,14.448958,8.239231
1692845513.6883,4.0274096,14.614878,7.986956
1692845513.788203,3.8469307,13.1339655,8.957096
1692845513.888284,4.1950235,14.811465,8.380716
1692845513.988179,4.1862807,14.751898,8.362781
1692845514.08811,4.289484,15.493935,8.411356
1692845514.188196,4.4416504,15.434254,8.17607
1692845514.288396,4.4624877,15.258199,7.918182
1692845514.388521,4.1817975,15.152265,8.36758
1692845514.488546,4.521494,14.958264,8.75743
1692845514.588201,4.2408905,15.133802,8.691615
1692845514.688157,4.287964,14.984371,8.719185
1692845514.788208,2.7825654,10.309238,8.941781
1692845514.888139,4.17894,15.123733,9.7141
1692845514.988176,4.2972293,15.027087,8.244632
1692845515.088306,4.7976375,15.474558,8.4292555
1692845515.188393,4.7634096,15.743728,9.752521
1692845515.288275,4.680974,15.366013,9.44414
1692845515.388225,4.492729,15.611,8.84307
1692845515.488245,4.3939857,15.688911,9.443689
1692845515.588387,4.5525312,15.22503,9.252657
1692845515.688112,4.5661407,15.791505,8.036048
1692845515.788184,4.727131,15.515032,9.141707
1692845515.888277,4.206308,15.382312,8.935838
1692845515.988682,4.3731747,15.103812,8.524239
1692845516.088312,3.292664,11.07388,7.5178733
1692845516.188228,2.9709995,10.934305,8.846548
1692845516.288369,4.0301323,14.3847065,8.3175535
1692845516.38816,4.2791643,14.528222,8.628997
1692845516.488126,4.5575576,15.570842,8.020949
1692845516.588197,4.5242014,14.517092,12.516317
1692845516.688557,4.5230417,15.265546,8.479261
1692845516.788342,4.564129,15.033049,7.608719
1692845516.888199,4.82131,15.361814,8.245596
1692845516.98816,4.774624,14.714637,10.234076
1692845517.088014,4.3173065,14.412245,9.220618
1692845517.188148,4.576318,14.772949,8.491376
1692845517.288323,4.4307466,14.973653,8.602373
1692845517.388224,4.666461,15.600047,8.473842
1692845517.488479,4.2480464,14.061139,9.420355
1692845517.588199,4.0071607,13.578826,8.452838
1692845517.688273,4.2190204,14.270537,8.616516
1692845517.788195,4.6421657,14.901494,7.908277
1692845517.888178,4.92731,15.413144,8.779909
1692845517.988113,4.242543,13.365783,8.779967
1692845518.088207,4.36258,14.256142,8.766606
1692845518.188129,4.3361692,13.911536,8.4438925
1692845518.288147,3.2328382,10.913011,8.716535
1692845518.388516,4.3623734,14.613284,9.165225
1692845518.48833,4.5832644,15.060267,9.55158
1692845518.588253,3.9337368,13.315624,9.856556
1692845518.688033,4.895317,15.424794,10.800049
1692845518.7881,4.61828,14.7725115,9.236076
1692845518.888074,4.586887,14.941294,8.89042
1692845518.988111,4.4104695,13.666541,8.929924
1692845519.088166,4.770902,14.674655,8.53839
1692845519.188184,5.124963,16.655361,14.944311
1692845519.28818,4.9489183,15.342981,9.6588335
1692845519.388299,4.5258045,14.862627,10.120505
1692845519.488047,3.632831,12.985368,11.049059
1692845519.588196,4.331347,15.230058,9.979531
1692845519.68819,4.5606184,15.124997,9.404881
1692845519.788091,4.3539166,15.318816,9.3768215
1692845519.888181,4.1878376,13.945838,9.950375
1692845519.988308,4.4594526,14.815746,9.360428
1692845520.088131,4.205565,13.231198,8.910816
1692845520.188119,4.62811,15.551995,9.446784
1692845520.28802,4.8638034,15.821353,9.848917
1692845520.388447,4.6362305,15.182038,9.941903
1692845520.488092,5.0008974,15.031044,10.114597
1692845520.588452,3.8710642,11.790619,9.42677
1692845520.688168,4.256972,12.911569,10.72655
1692845520.78835,4.925373,15.356722,8.561602
1692845520.888149,1.963199,4.903621,15.133312
1692845520.988103,4.5670424,13.857571,11.14601
1692845521.088187,4.648779,14.70217,10.433834
1692845521.188264,5.0245037,15.106001,9.843093
1692845521.288003,3.510966,12.05776,8.45651
1692845521.387597,4.603432,14.894896,10.347594
1692845521.488065,4.766168,15.165925,9.481318
1692845521.592215,5.0878673,16.147358,10.124668
1692845521.692033,4.805492,15.48371,10.238596
1692845521.79203,4.299801,14.982639,10.0726185
1692845521.892157,4.721287,15.004103,9.976572
1692845521.992063,4.8161645,15.888032,10.452004
1692845522.092067,4.389799,13.705121,7.336186
1692845522.192014,4.3962326,13.751217,9.079287
1692845522.292135,4.5991206,15.707826,11.471881
1692845522.392169,4.42728,14.326654,11.607089
1692845522.491583,4.612001,14.822402,8.896019
1692845522.592249,4.6380444,15.148099,10.572273
1692845522.692038,4.7386637,14.394603,8.794624
1692845522.792072,4.51902,14.747205,9.4860735
1692845522.892063,4.6999626,14.643668,10.359623
1692845522.992186,5.162605,16.102514,10.033624
1692845523.092038,4.942804,15.822583,12.809141
1692845523.192319,4.613916,13.242894,7.183372
1692845523.292097,4.57207,14.885592,10.970402
1692845523.392105,4.245734,13.917389,11.993703
1692845523.491972,4.3336644,13.842478,14.158495
1692845523.592107,4.569993,15.114735,10.873678
1692845523.69209,4.494509,14.787723,10.259865
1692845523.79213,4.620399,15.342011,11.171419
1692845523.892088,4.689651,15.673776,12.035186
1692845523.988106,4.647172,14.581067,10.569317
1692845524.087746,4.8751364,15.47734,11.096336
1692845524.188144,4.699801,15.018338,11.002431
1692845524.287741,4.603407,15.715459,11.822935
1692845524.387711,5.172498,15.908596,11.130237
1692845524.487833,4.6544013,15.381563,11.831297
1692845524.587718,4.676571,14.312663,7.450371
1692845524.688029,3.658458,12.148965,13.894319
1692845524.788075,4.746804,15.5395,11.884121
1692845524.887965,5.052661,15.954032,10.1798315
1692845524.98818,4.9636555,15.670865,9.457697
1692845525.087857,4.7729177,15.479287,12.379489
1692845525.187768,4.8692408,15.245765,10.839844
1692845525.287689,4.993553,15.120109,10.530751
1692845525.387777,4.6274943,14.908075,11.800715
1692845525.492086,4.7114224,14.930977,11.189249
1692845525.592296,4.204088,13.342449,8.470961
1692845525.692142,4.3363433,13.810306,5.7228394
1692845525.792204,3.920307,13.07005,12.1952715
1692845525.892025,4.9956856,16.036247,10.882604
1692845525.992006,4.816258,15.163586,10.527563
1692845526.092152,4.6046844,15.617284,11.077859
1692845526.192059,4.8293138,15.96168,10.386684
1692845526.292049,4.601236,15.282701,11.595489
1692845526.392393,4.7866087,15.228668,12.7450285
1692845526.492143,4.8550377,15.152926,10.133596
1692845526.592089,4.172662,12.500668,10.968293
1692845526.691924,4.572231,15.183824,12.101626
1692845526.79199,4.6458654,14.696418,10.899118
1692845526.892061,4.5884953,14.924708,10.99262
1692845526.992075,4.9187374,15.6174,12.59854
1692845527.092054,4.990673,14.813283,9.43777
1692845527.192235,4.609172,15.328435,11.695686
1692845527.292108,4.0422,14.455379,12.379426
1692845527.391992,4.679091,15.005152,12.393526
1692845527.491855,4.7561235,14.91027,12.402494
1692845527.592199,4.746553,14.286981,11.039042
1692845527.687771,4.8997703,15.198207,10.586741
1692845527.787731,4.839703,15.6119795,11.779632
1692845527.888006,4.604745,15.351446,12.276465
1692845527.987947,4.816141,15.688693,11.978582
1692845528.088034,4.692855,15.381353,12.89637
1692845528.188047,4.493183,14.527373,11.495688
1692845528.287991,4.6300554,14.815929,12.109417
1692845528.387867,4.6402254,14.473601,9.516733
1692845528.488613,4.747255,15.12849,12.319756
1692845528.588223,4.5222664,15.561424,13.717918
1692845528.687852,4.481039,15.511597,13.74731
1692845528.788075,4.2591066,14.56205,14.465786
1692845528.88798,4.5481696,15.35492,12.602203
1692845528.987992,4.8241744,15.395599,12.929472
1692845529.08788,4.6816444,15.268796,12.777193
1692845529.188233,4.8665137,15.82229,12.237505
1692845529.287842,4.829314,15.68776,14.515371
1692845529.387762,4.9233584,15.32479,12.601385
1692845529.48791,4.527022,15.2644,12.67015
1692845529.587865,4.5789824,14.1820345,9.43318
1692845529.687848,4.7482176,15.42808,13.27233
1692845529.787919,4.7579503,15.534674,13.141497
1692845529.887866,4.9696436,15.712058,14.187241
1692845529.987783,4.592728,15.392238,13.62636
1692845530.087932,4.8041573,15.468194,13.583505
1692845530.18782,4.8683076,15.416861,13.902863
1692845530.287883,4.9348197,15.201665,10.6136265
1692845530.388314,5.090316,15.052223,10.984152
1692845530.487824,5.3227577,15.701603,12.612091
1692845530.587857,4.911231,15.150758,9.57426
1692845530.687666,5.0615797,15.040051,7.9285874
1692845530.787829,4.437009,15.177098,13.70994
1692845530.887918,4.5957646,15.203965,14.512875
1692845530.987731,4.8141603,15.369467,12.619478
1692845531.087974,4.9638596,15.526964,11.803152
1692845531.187979,4.777696,14.967257,10.975594
1692845531.287721,4.984145,16.168922,12.6348915
1692845531.387937,4.7975073,14.809944,11.75964
1692845531.487837,4.905108,15.019753,10.781012
1692845531.588158,5.0711656,15.990958,11.450386
1692845531.688302,5.279348,16.410961,10.291956
1692845531.78777,4.3164053,14.049332,10.972397
1692845531.887898,4.7655177,15.77803,11.820299
1692845531.988363,4.9080286,15.573494,10.311536
1692845532.08785,4.4634504,13.501611,10.946531
1692845532.187878,2.3407624,9.115385,11.517909
1692845532.287944,4.1883335,14.778304,13.151686
1692845532.387635,4.951837,15.667634,11.199844
1692845532.487831,3.9541683,12.483779,13.115109
1692845532.587791,4.7788506,16.062136,14.050899
1692845532.688524,5.142846,15.874804,11.357092
1692845532.78794,4.6805034,14.91855,10.3417015
1692845532.888283,4.6946197,14.966299,11.282282
1692845532.9878,3.9095752,12.484196,11.638806
1692845533.087892,4.145976,13.291962,15.231272
1692845533.187711,4.9906683,15.758133,14.471523
1692845533.287709,4.9558163,15.244899,12.661293
1692845533.388133,4.8803544,15.583588,12.762069
1692845533.488459,4.6711073,15.434327,10.306207
1692845533.588114,4.876873,16.114996,14.094355
1692845533.687975,4.8286943,15.819316,14.213509
1692845533.787853,5.154238,15.156767,11.084765
1692845533.887753,5.0493016,14.636882,11.581804
1692845533.987881,4.9442225,15.501013,12.422019
1692845534.087855,4.4458046,13.197941,8.574021
1692845534.187942,4.7905507,15.575809,14.171237
1692845534.28833,4.739966,15.31305,11.696601
1692845534.388102,4.574868,14.320582,14.473215
1692845534.48782,4.410462,14.7892275,14.703291
1692845534.587966,4.4945126,15.243734,14.458995
1692845534.687865,4.42658,15.245338,14.379288
1692845534.787759,4.3955564,15.135501,15.332392
1692845534.887811,4.451499,15.066703,15.746559
1692845534.987781,4.5619516,15.077775,14.12374
1692845535.087792,4.81366,15.493731,15.373074
1692845535.187942,4.5159225,15.218639,14.305544
1692845535.288061,4.6193295,15.510222,16.448668
1692845535.387752,4.595186,15.518303,15.626224
1692845535.487867,4.373067,14.015572,10.245612
1692845535.587771,4.655685,15.490254,15.601434
1692845535.687766,4.670038,15.602211,15.962561
1692845535.787979,4.5625095,15.292613,16.330034
1692845535.888125,4.482928,15.042874,15.666457
1692845535.987872,4.6425724,15.654904,14.2740135
1692845536.087774,4.5267334,15.636166,15.958964
1692845536.187844,4.793239,15.922936,15.277988
1692845536.287814,4.4529448,15.185179,16.252235
1692845536.387699,4.4265304,15.029942,13.651893
1692845536.487651,4.9427185,15.99478,13.785395
1692845536.587886,4.61576,15.395904,16.202406
1692845536.687906,4.5082903,15.387842,16.415129
1692845536.788098,4.6487737,15.532981,15.355546
1692845536.887918,4.688534,15.415309,16.519157
1692845536.987823,4.639331,15.606282,15.56306
1692845537.08771,4.667219,15.46713,15.527836
1692845537.187742,5.2415905,15.677912,9.855055
1692845537.28775,4.66488,16.172514,14.008261
1692845537.387891,4.952881,16.109976,15.257709
1692845537.487913,4.420091,15.536429,16.292606
1692845537.58795,4.652295,15.671038,16.315973
1692845537.687929,4.3459864,15.053474,16.199903
1692845537.787686,4.2358007,14.950568,16.461927
1692845537.887847,4.6577344,15.761874,15.742345
1692845537.987689,4.698867,16.125467,14.957145
1692845538.087635,4.143571,14.723014,16.519314
1692845538.187807,4.9707546,15.348978,11.808619
1692845538.287686,4.152398,12.785,9.501098
1692845538.387936,4.4382334,15.733138,16.204374
1692845538.487741,4.4028716,15.24825,16.694513
1692845538.587815,4.482656,15.322648,16.614483
1692845538.687648,4.254369,14.419696,14.929819
1692845538.787645,4.595837,15.472701,16.916922
1692845538.887982,4.3542433,15.16503,17.075926
1692845538.987778,4.8080215,15.66668,17.14096
1692845539.087824,4.57709,15.62697,16.885237
1692845539.187945,4.5674524,15.713012,17.1242
1692845539.287913,4.937403,15.79225,11.873857
1692845539.387866,4.545759,15.315934,16.980133
1692845539.487756,4.5371594,15.492414,17.11572
1692845539.58784,4.4035964,15.216978,16.322887
1692845539.687665,4.992729,16.201862,15.239144
1692845539.787599,4.452667,15.594743,16.302805
1692845539.887754,4.398366,15.369605,17.677769
1692845539.987891,4.530731,15.523931,16.845411
1692845540.087816,4.66317,15.789716,16.25844
1692845540.187774,4.3480244,14.660266,15.759078
1692845540.287792,4.560253,15.769063,17.579388
1692845540.38764,4.392755,15.330657,16.676401
1692845540.48775,4.600461,15.525511,17.35296
1692845540.58778,4.50078,15.443662,17.423935
1692845540.687695,4.556817,15.482526,17.142622
1692845540.787693,4.4841757,14.891813,15.258727
1692845540.887972,4.8404946,15.5922365,15.738738
1692845540.987744,4.768421,15.584477,16.81757
1692845541.087779,4.521534,15.168355,16.19052
1692845541.188064,4.5515366,15.373618,17.523066
1692845541.287744,4.4721613,15.353814,16.708351
1692845541.387583,4.5719543,15.564649,17.411787
1692845541.487804,4.5015297,15.350074,17.273767
1692845541.58785,4.6426067,15.612397,17.95217
1692845541.687823,4.7438345,16.005598,17.328985
1692845541.78804,4.899377,16.409643,14.939984
1692845541.888015,4.463216,15.3001,17.40804
1692845541.987763,4.5610228,15.295049,17.264673
1692845542.08775,4.6674585,15.492597,14.802508
1692845542.187691,4.7502837,16.086477,16.025908
1692845542.28758,4.669207,15.317269,16.087982
1692845542.387967,4.344457,15.038789,16.596928
1692845542.487855,4.420667,15.336793,17.381561
1692845542.587805,4.498711,15.6058035,16.813427
1692845542.687602,4.495023,15.304368,15.564814
1692845542.787666,4.25838,14.63494,17.67031
1692845542.919888,4.270832,14.901277,17.461088
1692845543.019775,4.324928,15.091786,17.402546
1692845543.120592,4.3438287,14.798261,16.992508
1692845543.22004,4.298445,14.728701,17.14939
1692845543.320028,4.292555,14.766619,17.426207
1692845543.419835,4.4021606,14.700479,16.540173
1692845543.519749,4.769892,16.227444,17.464312
1692845543.619808,4.254489,14.559331,16.657925
1692845543.719781,4.2058134,14.0598345,14.570803
1692845543.819604,4.025139,13.944973,17.556835
1692845543.919762,4.689357,14.882455,12.387576
1692845544.020128,4.2481556,14.321736,15.7656765
1692845544.119803,3.9969795,13.414986,17.58031
1692845544.219796,3.9405773,13.866979,17.054193
1692845544.319724,3.9143057,13.591992,17.119776
1692845544.419664,3.540405,12.6789,17.266188
1692845544.519672,4.077569,13.578361,15.516842
1692845544.619741,3.7016087,12.8250065,17.228333
1692845544.719825,4.1888847,14.139837,17.239065
1692845544.820342,3.6417794,12.009356,16.743685
1692845544.919763,3.6421235,12.038828,16.572958
1692845545.019711,3.8430278,13.459743,16.438042
1692845545.119768,3.5378907,12.404194,17.576756
1692845545.21977,3.3271024,12.351031,16.73754
1692845545.319773,3.30651,11.444864,17.397001
1692845545.419683,3.3673778,11.764363,17.311918
1692845545.51964,3.1885397,11.273163,16.105637
1692845545.619759,2.7112577,9.184703,17.514923
1692845545.719731,3.148143,11.3812685,17.84577
1692845545.819775,2.7068508,10.304053,15.92053
1692845545.919675,2.942249,10.579213,17.951221
1692845546.019666,2.7720304,10.119323,17.033648
1692845546.119685,2.6780365,9.168819,17.143744
1692845546.219597,2.5464928,9.191537,17.292488
1692845546.319639,2.5909002,9.755344,17.42395
1692845546.420039,3.332515,11.916924,16.6446
1692845546.519831,2.833738,10.142853,17.33643
1692845546.620073,2.709751,7.0819287,16.505472
1692845546.719725,2.2823539,8.416232,8.672471
1692845546.81968,2.6318994,9.370859,17.698631
1692845546.919766,2.593219,9.755322,17.754154
1692845547.019807,2.5071583,8.812875,16.922098
1692845547.119648,2.8219652,10.001182,16.323318
1692845547.219992,2.5012758,9.255172,17.414032
1692845547.319829,1.9941874,7.7568746,17.49768
1692845547.419727,2.2017388,8.24639,16.795935
1692845547.51973,2.1820023,7.7480626,17.41426
1692845547.619767,1.7992017,5.5553126,17.34212
1692845547.719618,2.3172512,8.2924185,17.223808
1692845547.819934,2.3185594,8.94263,17.074867
1692845547.919856,1.9165223,6.6791625,17.473186
1692845548.019668,1.8028324,6.8502164,17.628967
1692845548.119806,1.9020839,7.497444,18.040108
1692845548.219751,1.7814496,6.6216407,17.302422
1692845548.319937,2.3325436,8.004237,17.23691
1692845548.419747,2.2414072,8.067112,16.910301
1692845548.519737,1.3705096,5.819693,17.971481
1692845548.619669,1.7476232,6.4753876,17.425419
1692845548.719662,1.9023249,6.197342,16.847689
1692845548.819789,1.694862,6.842869,17.585367
1692845548.919767,1.7259448,6.6617455,17.325304
1692845549.019682,2.13709,7.611569,14.57459
1692845549.11967,1.6588982,6.2238016,17.209406
1692845549.219822,1.715379,6.924412,17.46839
1692845549.319754,1.730474,6.5692987,16.313982
1692845549.419717,1.6012666,6.1218057,17.784527
1692845549.519691,1.6340003,6.3062115,17.333588
1692845549.619813,1.4982183,5.6523986,15.958277
1692845549.719614,1.5827659,6.651755,17.88978
1692845549.81977,1.3991101,6.098003,18.136124
1692845549.91968,1.3987842,5.1781783,16.893164
1692845550.019731,1.5938156,7.196806,16.880342
1692845550.120127,0.89498377,4.5512376,17.760506
1692845550.219721,1.1656477,5.2617974,17.693392
1692845550.319636,1.1849108,4.6726503,17.625866
1692845550.419863,1.0913332,4.8719535,17.375898
1692845550.519791,1.1719235,5.3985395,17.767252
1692845550.619812,1.1916223,5.4587426,17.243643
1692845550.71974,1.022712,4.848741,17.531878
1692845550.819698,0.51242685,3.716523,17.780619
1692845550.919681,0.934091,4.6962056,17.688738
1692845551.019653,0.8498528,4.877227,17.384575
1692845551.119551,0.9520397,4.4555902,17.739767
1692845551.220123,0.81389993,4.0731196,17.285988
1692845551.319712,0.8198687,4.2371364,17.691067
1692845551.419888,0.71058,4.433718,17.116135
1692845551.519766,0.81242496,4.4719095,17.480438
1692845551.619563,0.7379997,4.3966026,17.618793
1692845551.719713,0.5585568,3.7024045,17.675077
1692845551.819841,0.482059,3.6182444,17.58199
1692845551.919673,0.4088686,2.9645042,17.595297
1692845552.019888,0.3845129,3.679866,17.601961
1692845552.119745,0.3406486,2.8522925,17.441816
1692845552.219689,0.53919744,3.4864905,17.44652
1692845552.319707,0.68876666,4.356112,17.455479
1692845552.420207,0.20953499,3.2631617,17.473001
1692845552.519733,0.41050598,3.3595746,17.350452
1692845552.619763,0.27141187,3.142942,17.238203
1692845552.719637,0.3055808,3.1987236,17.46125
1692845552.820004,-0.5063876,0.9437976,17.238897
1692845552.919633,0.12580378,2.953978,17.31953
1692845553.020005,0.11978276,2.8216732,17.552523
1692845553.119663,-0.0945463,1.9800316,17.39183
1692845553.219851,-0.1767987,1.8249189,17.312616
1692845553.319706,-0.16328311,1.6411499,17.80171
1692845553.419685,0.040567644,1.8370113,17.312376
1692845553.519698,-0.11686313,2.2250812,17.344843
1692845553.619948,-0.070010275,1.926601,17.55274
1692845553.719761,-0.13434502,1.9210414,17.444689
1692845553.81977,-0.15041822,1.903021,17.39954
1692845553.919662,-0.08611037,1.937744,17.3882
1692845554.019593,-0.12659976,1.7355585,17.538809
1692845554.119656,-0.41144758,1.3556235,17.56748
1692845554.219666,0.020884577,1.8974094,16.925146
1692845554.319996,-0.2526837,1.2345529,17.499598
1692845554.419942,-0.41137475,1.1643406,17.229185
1692845554.519637,-0.34659857,1.0497465,17.375576
1692845554.619679,-0.44496343,1.0505612,17.296602
1692845554.719649,-0.6118705,0.6150741,17.298697
1692845554.819808,-0.596319,0.47791737,17.49177
1692845554.924024,-0.41335508,1.2152827,17.577518
1692845555.024033,-0.4228924,1.0141654,17.21599
1692845555.124257,-0.5059766,1.1137575,17.069952
1692845555.224194,-0.66565955,0.39726615,17.194616
1692845555.319806,-0.57583845,0.70305777,17.31646
1692845555.420044,-0.67716664,0.08153817,17.37144
1692845555.520027,-0.58824784,0.021921886,17.540596
1692845555.620007,-0.7137162,0.36135408,17.344286
1692845555.719673,-0.68786144,0.31075034,17.462608
1692845555.819666,-0.6738731,0.5814199,17.33708
1692845555.919765,-0.6451132,0.36321765,17.278667
1692845556.019978,-0.6563926,0.17798,17.463211
1692845556.119635,-0.6233449,0.14818002,17.491903
1692845556.219688,-0.738003,-0.14868598,17.091253
1692845556.320274,-0.6831969,0.5947301,17.46704
1692845556.419749,-0.47710726,0.8589766,17.375713
1692845556.519369,-0.6862414,0.14346735,17.361652
1692845556.619572,-0.7027169,0.5624218,17.197855
1692845556.719494,-0.7398982,-0.17763132,17.573551
1692845556.819973,-0.6019945,0.7405001,17.020424
1692845556.919661,-0.7645912,0.6749344,17.221144
1692845557.019705,-0.42866617,0.34329295,17.145294
1692845557.119571,-0.7277758,0.3932452,17.273367
1692845557.220472,-0.6356548,0.38410756,17.603535
1692845557.321725,-0.5312841,1.0964214,16.98184
1692845557.41954,-0.6166759,0.71754855,17.234581
1692845557.519443,-0.56487393,1.0366087,17.446747
1692845557.619651,-0.54704154,1.0088139,17.280172
1692845557.719586,-0.5991693,0.3299257,17.560806
1692845557.819621,-0.4366697,1.0240394,17.120903
1692845557.919718,-0.60759145,0.60390997,17.552963
1692845558.019662,-0.65254784,0.793777,16.957521
1692845558.119596,-0.5788789,0.60020584,17.324732
1692845558.219347,-0.5801003,0.9195427,17.23672
1692845558.319729,-0.41102022,0.97611266,17.076035
1692845558.420025,-0.6667256,0.580882,17.271265
1692845558.519552,-0.45667627,0.78757834,17.305447
1692845558.619663,-0.5969781,0.9978766,17.068062
1692845558.719506,-0.5201011,0.60955095,17.689926
1692845558.819532,-0.22129878,1.2620927,17.494995
1692845558.91943,-0.5288749,0.79235166,17.292032
1692845559.019441,-0.4654559,1.27255,17.131763
1692845559.119484,-0.030095953,2.3091118,16.83822
1692845559.219907,-0.6860755,0.7318056,17.302626
1692845559.319531,-0.5762565,0.728309,17.281254
1692845559.419476,-0.5822957,0.6576664,17.43145
1692845559.519432,-0.56011754,0.69522476,17.336124
1692845559.619615,-0.6325309,0.6400229,17.429562
1692845559.719426,-0.6573254,0.49533567,17.25235
1692845559.819936,-0.6895268,0.15915774,17.363363
1692845559.91997,-0.61773276,0.55230105,17.325974
1692845560.019622,-0.5233036,0.72133994,17.38472
1692845560.119478,-0.5084897,1.0864537,17.212044
1692845560.219488,-0.5247558,1.1910263,16.912611
1692845560.319793,-0.6548125,0.48535296,17.228569
1692845560.419521,-0.61145926,0.80332494,17.10337
1692845560.519396,-0.32718584,0.8512579,17.431606
1692845560.619262,-0.69053,0.42300656,17.310177
1692845560.71931,-0.06283857,1.4988189,17.384565
1692845560.819977,-0.5783603,0.76193506,17.609077
1692845560.955595,0.14856604,2.5803201,17.701828
1692845561.055748,-0.64714414,0.17095713,17.589174
1692845561.15566,-0.61279035,0.6179376,17.534893
1692845561.255622,-0.7567038,0.08709431,17.504526
1692845561.355587,-0.42833424,0.84748685,17.59521
1692845561.456212,-0.1352009,0.9866439,17.721003
1692845561.555805,-0.7624271,0.10183354,17.330467
1692845561.655655,-0.6451552,0.5665758,17.566551
1692845561.755625,-0.15344575,1.0814506,17.649986
1692845561.856018,-0.41221797,0.9092829,17.455723
1692845561.95559,-0.58203596,0.67195785,17.618708
1692845562.055587,-0.5389302,0.7324682,17.511074
1692845562.155528,-0.42670766,0.65984744,17.706732
1692845562.288038,-0.51782227,0.38478634,18.199276
1692845562.388078,-0.51782876,0.42468166,17.431402
1692845562.487747,-0.45102066,0.5820415,17.50802
1692845562.58773,-0.6233709,0.39038134,17.672943
1692845562.687774,-0.67548084,0.3924514,17.678637
1692845562.787857,-0.5710552,0.47425798,17.686758
1692845562.88783,-0.67013216,0.40417835,17.41828
1692845562.987782,-0.38560408,0.28862804,17.903326
1692845563.087941,-0.36925432,1.3428484,17.141396
1692845563.18798,0.62840724,3.222017,12.649197
1692845563.28785,-0.4573578,0.74733007,17.281113
1692845563.387824,-0.0014794879,3.755354,12.005021
1692845563.488003,-0.40576065,0.79898185,17.519995
1692845563.587773,0.08078835,2.1655502,17.585161
1692845563.687707,-0.69624734,0.34927753,17.534351
1692845563.787146,-0.6227644,0.48346817,17.662247
1692845563.887281,-0.3979032,0.8360158,17.475004
1692845563.987673,0.09684117,1.5097176,17.425177
1692845564.087474,0.05123568,1.1520654,18.002876
1692845564.187468,-0.65568024,0.34813043,18.19792
1692845564.28732,-0.2507311,1.306634,17.225332
1692845564.388356,-0.5217535,0.7751227,16.83269
1692845564.488295,-0.71721923,0.48338866,17.46974
1692845564.587485,-0.22073922,1.4218576,17.58812
1692845564.687487,1.144393,4.8950896,14.681612
1692845564.78808,1.0759976,5.088414,15.32931
1692845564.887526,0.43160993,3.5926125,14.685119
1692845564.987519,0.14427331,2.470848,16.835705
1692845565.087512,0.14605385,2.7335017,17.73846
1692845565.187365,2.4649308,8.544214,14.710699
1692845565.287312,1.0576655,4.929345,13.860955
1692845565.387319,2.7868278,11.01695,14.036794
1692845565.487297,0.15646252,1.3249748,16.340475
1692845565.587814,1.2166879,4.986586,11.925775
1692845565.687266,0.7412974,3.8177142,15.352717
1692845565.787428,0.96484625,4.4222217,17.799341
1692845565.887221,3.2366736,10.944931,13.160932
1692845565.987401,3.0586395,9.810388,13.43907
1692845566.087261,3.455646,12.139744,13.962385
1692845566.18732,1.2648098,5.645023,15.635726
1692845566.287462,1.4041874,6.0847015,13.438233
1692845566.38783,2.5089808,6.944014,8.827933
1692845566.487402,2.4903882,9.386551,14.551491
1692845566.587611,1.6145446,7.6746206,18.051186
1692845566.687538,2.1646216,8.662262,17.458746
1692845566.787724,2.18599,6.8887367,16.3266
1692845566.88739,3.3228772,11.888958,14.202757
1692845566.987308,2.0796707,7.790121,16.135584
1692845567.087234,2.22248,8.551952,17.235598
1692845567.187627,2.344928,9.933646,16.103561
1692845567.287451,2.3683944,9.463312,16.91276
1692845567.387442,2.2935169,9.533624,16.27822
1692845567.487417,2.8158443,10.762546,16.988787
1692845567.587563,2.195242,9.274612,17.79845
1692845567.687338,2.3666553,9.841948,17.463152
1692845567.787387,2.7132633,10.764253,17.14164
1692845567.887539,2.3980439,10.118223,17.57623
1692845567.987874,2.8449047,10.817813,17.39484
1692845568.087343,3.1146634,11.857426,16.672647
1692845568.187366,2.7218106,10.854586,17.142353
1692845568.287304,3.1218996,11.690692,17.44011
1692845568.387286,3.0455403,11.874799,17.520048
1692845568.487265,3.1574957,11.948645,17.448034
1692845568.587337,2.9817054,12.116655,17.302618
1692845568.68727,3.3498755,12.876502,17.239527
1692845568.787725,3.442878,12.832893,17.358257
1692845568.887434,3.1883414,12.554477,17.406359
1692845568.987562,2.9214287,11.474663,17.269823
1692845569.087406,3.6802998,13.678682,17.219873
1692845569.187371,3.5027363,13.442435,17.538279
1692845569.287398,3.383504,12.997936,17.93102
1692845569.387661,3.5544944,13.190988,17.345993
1692845569.487491,3.9460146,14.1088915,17.789282
1692845569.587421,3.6504505,12.99097,15.605126
1692845569.687583,4.3241105,13.855655,14.255027
1692845569.787482,3.748945,11.965659,13.809586
1692845569.887308,3.891399,14.31285,17.509144
1692845569.987438,3.4704611,10.802123,15.414375
1692845570.087279,4.1547527,14.371335,12.183747
1692845570.187215,4.2310543,15.212932,16.92985
1692845570.287342,3.9703803,14.432483,17.440008
1692845570.387828,3.7925212,13.526692,17.405321
1692845570.487559,4.2639804,14.532415,16.759653
1692845570.587971,4.377097,15.248218,17.321907
1692845570.687838,3.9334583,13.185267,13.077256
1692845570.787635,4.2353554,15.143625,18.16401
1692845570.887635,4.5042815,15.428796,17.39796
1692845570.987596,4.304531,15.507255,17.50966
1692845571.087605,4.2063913,14.998857,17.793718
1692845571.187865,4.6864367,16.056038,17.280079
1692845571.287609,4.5267386,15.964766,17.850143
1692845571.388623,4.834072,16.380865,17.78824
1692845571.487642,4.6263947,15.767646,16.541378
1692845571.587555,4.5388894,15.407896,17.526361
1692845571.687557,4.11293,13.484664,18.642828
1692845571.787589,4.7919955,16.070578,15.7632475
1692845571.887726,4.629885,16.338888,17.387848
1692845571.987911,4.384599,15.158118,17.768198
1692845572.087753,4.8312063,16.251146,17.8855
1692845572.187608,5.0420756,16.738474,17.467884
1692845572.287562,5.1175733,17.531662,17.007595
1692845572.392475,4.697375,16.42047,17.823822
1692845572.492509,4.974655,16.923393,16.714903
1692845572.592351,4.9224467,16.537413,16.901419
1692845572.687044,4.754973,15.85428,17.906029
1692845572.787264,4.83119,16.422901,17.751616
1692845572.887159,4.9578905,16.586727,15.708903
1692845572.987752,5.1071463,16.833889,15.637779
1692845573.087322,4.990151,16.89269,17.302774
1692845573.187277,5.0701094,16.969172,17.04676
1692845573.287141,5.2667675,16.367636,11.285644
1692845573.387216,5.34657,17.209736,15.953728
1692845573.487231,4.9083896,16.79088,16.849962
1692845573.587474,5.0020857,17.118584,15.395989
1692845573.687105,4.852059,16.485909,16.905727
1692845573.787238,4.833762,16.51188,16.263792
1692845573.887243,5.084383,16.319862,16.552935
1692845573.987228,4.884274,16.482449,17.53457
1692845574.0872,4.954347,16.666912,17.157412
1692845574.187345,4.307124,14.95878,17.568676
1692845574.287257,4.759203,15.591862,15.750555
1692845574.387409,4.9630604,16.550617,16.873554
1692845574.487477,5.0612416,16.847698,17.089117
1692845574.587357,5.0766473,16.650345,16.570704
1692845574.687325,4.9174843,16.49266,16.673143
1692845574.787221,5.118512,16.667278,17.007324
1692845574.887353,5.0501137,16.553297,17.195677
1692845574.98724,4.8934727,16.489016,17.285269
1692845575.08722,4.5847673,15.192243,14.506587
1692845575.187491,4.9350333,16.461422,17.0573
1692845575.287253,5.0089006,16.582445,16.570658
1692845575.387265,4.757702,15.751539,16.433268
1692845575.487162,4.8779016,16.252176,16.261261
1692845575.587163,4.9698925,16.162235,16.949812
1692845575.687188,5.160657,16.503149,16.29905
1692845575.787161,4.820208,16.056889,16.528048
1692845575.886938,5.0918293,16.614286,16.421906
1692845575.987519,4.8245797,15.9791975,16.978373
1692845576.08732,4.762356,16.317415,15.527615
1692845576.187257,4.7566056,15.696428,17.588274
1692845576.287475,4.8520164,16.256474,16.345633
1692845576.387763,4.986386,15.948712,15.351674
1692845576.48748,4.7766585,15.9079275,14.97891
1692845576.587538,4.3241715,15.349723,16.168047
1692845576.6875,4.873212,15.895074,14.674658
1692845576.788037,4.4696903,14.780919,14.716477
1692845576.887655,4.778721,15.924731,15.033921
1692845576.987509,4.624137,15.585267,14.733859
1692845577.087528,4.5722013,15.03246,14.320423
1692845577.187882,4.8184795,15.97109,14.52221
1692845577.287489,4.9960995,15.957391,14.182682
1692845577.38752,5.0426006,16.18829,14.436012
1692845577.487484,4.7692237,15.738886,14.388677
1692845577.587606,4.8920155,15.772685,13.811615
1692845577.687549,4.965718,15.631912,11.338582
1692845577.787486,4.8784795,15.902818,14.841783
1692845577.891272,4.7669477,15.476489,14.389694
1692845577.987604,4.9351263,16.032522,14.516172
1692845578.087586,5.1296697,14.394759,12.423247
1692845578.187479,4.8043003,15.239318,13.135423
1692845578.287545,2.7875054,8.3847475,15.629607
1692845578.387719,4.6553073,15.136687,12.44211
1692845578.487525,5.0821285,15.574845,11.452276
1692845578.58762,4.618471,15.20522,12.711363
1692845578.687496,4.7912135,15.30809,12.345856
1692845578.787482,4.1915174,12.580838,11.195136
1692845578.887469,3.1766362,10.549446,14.808122
1692845578.987489,4.5894794,15.052946,12.949378
1692845579.091932,4.7949624,15.5069895,12.556027
1692845579.191962,4.5737114,15.003157,13.3859215
1692845579.291895,4.601065,15.034239,11.756805
1692845579.392149,4.646068,14.933545,12.347476
1692845579.491792,4.631194,14.994866,11.819252
1692845579.58778,4.0109386,12.682604,11.539266
1692845579.68754,3.5137973,11.840819,8.761013
1692845579.787467,4.3551273,14.044698,10.053484
1692845579.887459,4.459772,14.471484,10.838036
1692845579.987589,4.430909,14.332558,10.896359
1692845580.087492,4.2262225,14.091683,10.767113
1692845580.18745,4.2702785,14.27968,11.058798
1692845580.287487,4.3665295,14.571041,11.060993
1692845580.387475,4.1112976,13.477522,11.508916
1692845580.487445,4.2336187,14.107738,10.439145
1692845580.619823,4.3404794,14.368994,10.168831
1692845580.719858,4.341093,14.343787,10.340324
1692845580.819948,4.040539,13.815967,10.122058
1692845580.919603,4.302564,13.413148,10.48873
1692845581.019555,4.3153443,13.933084,9.467862
1692845581.119518,4.21428,13.960251,9.906934
1692845581.219665,4.132146,13.572859,9.768546
1692845581.319538,4.169131,13.710117,9.634035
1692845581.419826,4.0227647,13.174924,8.871768
1692845581.51978,3.9975603,13.2592125,9.262359
1692845581.619836,4.0220933,13.278869,8.872617
1692845581.719644,4.090735,13.636023,8.656948
1692845581.819609,3.8124664,13.113206,8.748194
1692845581.919659,4.0279326,13.432788,8.667819
1692845582.022743,4.022532,13.766884,8.999299
1692845582.119496,3.1576812,11.087237,9.050159
1692845582.219563,3.8937488,13.265483,8.720967
1692845582.319661,3.9416144,13.186883,8.126481
1692845582.419723,3.8849342,14.033734,9.236574
1692845582.519626,4.053011,13.646361,7.9406095
1692845582.61961,3.9398196,13.244189,8.487595
1692845582.719493,3.8994548,13.559743,8.326686
1692845582.819504,3.8389356,13.205875,7.4302382
1692845582.919525,3.645001,12.799019,7.2479615
1692845583.019552,3.9983857,13.632284,7.0839534
1692845583.119789,3.8684814,13.395722,6.9458117
1692845583.219886,3.7734532,12.521291,7.071893
1692845583.319492,3.7840738,12.63243,7.12235
1692845583.419415,3.9002912,13.109875,6.4751863
1692845583.519531,4.327854,14.501064,7.2290893
1692845583.619755,3.7000175,12.908993,5.3009596
1692845583.719645,3.6922328,12.498214,6.2926164
1692845583.819527,3.919936,13.24175,5.896501
1692845583.919729,3.7858286,12.693715,5.819062
1692845584.01957,4.341097,13.514785,5.983755
1692845584.119529,4.0427647,13.488897,5.1242175
1692845584.219701,4.1276536,13.626176,6.491205
1692845584.319815,3.9985917,12.8418455,5.46299
1692845584.419792,3.8304257,12.977551,5.476819
1692845584.519576,3.8275173,12.845982,4.7069526
1692845584.619625,3.7354605,12.931952,4.9358625
1692845584.719739,3.6401489,12.577887,5.06789
1692845584.819725,3.0579274,12.124024,5.246368
1692845584.919493,3.7157137,12.725864,4.059841
1692845585.019397,3.453973,11.894483,4.428596
1692845585.119539,3.4698758,12.365038,4.797891
1692845585.219721,3.4797826,11.555971,4.025926
1692845585.319599,3.4912822,12.13458,4.07949
1692845585.420049,4.1432076,13.652249,12.124079
1692845585.519568,3.741288,12.913686,4.1310124
1692845585.619539,3.6642735,12.461489,4.4415064
1692845585.719642,3.7568114,12.815827,3.6470456
1692845585.819436,3.5983734,12.5928955,3.2994673
1692845585.919537,3.952243,13.301856,3.6251771
1692845586.0195,3.9548204,13.007764,8.001093
1692845586.123076,4.0249834,13.24195,3.754027
1692845586.219584,3.3099847,10.725379,3.10514
1692845586.319964,3.523817,12.361074,2.816197
1692845586.419579,3.8229175,12.434229,3.0171685
1692845586.519481,4.4156876,14.150674,5.123938
1692845586.619487,4.5313816,14.646288,6.2610736
1692845586.719763,3.8191583,12.925881,2.3683898
1692845586.819447,3.6077316,12.5483675,1.1164885
1692845586.919482,3.5101492,12.794063,2.4683478
1692845587.019602,3.863089,12.617959,1.495154
1692845587.119406,3.668933,12.524846,2.265429
1692845587.219841,3.6546195,12.898408,0.49781483
1692845587.3195,3.8958957,13.398097,1.7481427
1692845587.419409,3.4799016,12.273152,0.97999835
1692845587.519396,3.8308432,13.1231575,1.3354483
1692845587.621564,2.9808326,11.464735,-0.48345277
1692845587.719446,3.515847,12.692573,1.6842897
1692845587.819641,3.6718025,13.321439,0.6823249
1692845587.919851,2.7156003,8.451012,14.664805
1692845588.01978,3.567145,12.76839,0.37058792
1692845588.119468,3.366591,12.679892,0.7418156
1692845588.219483,3.7594101,12.973852,1.0440145
1692845588.319454,3.3143888,12.6771755,0.82384247
1692845588.419501,4.040932,13.76514,4.0115323
1692845588.519481,3.752357,13.554635,0.3535477
1692845588.619596,3.8284838,13.447033,1.0075593
1692845588.719422,3.9541726,13.672502,2.5222418
1692845588.819556,3.8355513,12.597979,3.3460786
1692845588.919447,3.191196,12.201321,4.103599
